"","Name","Country","BornYear","DeathYear","Invention","Age","InventonNumber","AgeFactor","Century","InventonNumber_Factor"
"1","Vitaly Abalakov","Russia",1906,1986,"camming devices, Abalakov thread  gearless ice climbing anchor",80,2,"Aged",20,"Medium"
"2","Ernst Karl Abbe","Germany",1840,1905,"Condenser , apochromatic lens, refractometer",65,3,"Normal",19,"Medium"
"3","Hovannes Adamian","USSR/Russia",1879,1932,"tricolor principle of the color television",53,1,"Normal",19,"Medium"
"4","Samuel W. Alderson","U.S.",1914,2005,"Crash test dummy",91,1,"Aged",20,"Medium"
"5","Alexandre Alexeieff","Russia/France",1901,1982,"Pinscreen animation ",81,1,"Aged",20,"Medium"
"6","Rostislav Alexeyev","Russia/USSR",1916,1980,"Ekranoplan",64,1,"Normal",20,"Medium"
"7","Giovanni Battista Amici","Italy",1786,1863,"Dipleidoscope, Amici prism",77,2,"Aged",18,"Medium"
"8","Mary Anderson","States",1866,1953,"windshield wiper blade",87,1,"Aged",19,"Medium"
"9","Momofuku Ando","Japan",1910,2007,"Instant noodles",97,1,"Aged",20,"Medium"
"10","Hal Anger","U.S.",1920,2005,"Well counter , gamma camera",85,2,"Aged",20,"Medium"
"11","Anders Knutsson Ångström","Sweden",1888,1981,"Pyranometer",93,1,"Aged",19,"Medium"
"12","Ottomar Anschütz","Germany",1846,1907,"single-curtain focal-plane shutter, electrotachyscope",61,2,"Normal",19,"Medium"
"13","Hermann Anschütz-Kaempfe","Germany",1872,1931,"Gyrocompass",59,1,"Normal",19,"Medium"
"14","Virginia Apgar","U.S.",1909,1974,"Apgar score ",65,1,"Normal",20,"Medium"
"15","Nicolas Appert","France",1749,1841,"canning  using glass bottles, see also Peter Durand",92,2,"Aged",18,"Medium"
"16","Ami Argand","France",1750,1803,"Argand lamp",53,1,"Normal",18,"Medium"
"17","William George Armstrong","UK",1810,1900,"hydraulic accumulator",90,1,"Aged",19,"Medium"
"18","Neil Arnott","UK",1788,1874,"waterbed",86,1,"Aged",18,"Medium"
"19","Joseph Aspdin","UK",1788,1855,"Portland cement",67,1,"Normal",18,"Medium"
"20","John Vincent Atanasoff","Bulgaria/U.S.",1903,1995,"electronic digital computer",92,1,"Aged",20,"Medium"
"21","Charles Babbage","UK",1791,1871,"Analytical engine ",80,1,"Aged",18,"Medium"
"22","Tabitha Babbit","U.S.",1779,1853,"Saw mill circular saw",74,1,"Aged",18,"Medium"
"23","Victor Babeș","Romania",1854,1926,"Babesia, the founder of serum therapy",72,2,"Aged",19,"Medium"
"24","Leo Baekeland","American",1863,1944,"Velox photographic paper, Bakelite",81,2,"Aged",19,"Medium"
"25","Ralph H. Baer","American",1922,2014,"video game console",92,1,"Aged",20,"Medium"
"26","Adolf von Baeyer","Germany",1835,1917,"Fluorescein, synthetic Indigo dye, Phenolphthalein",82,3,"Aged",19,"Medium"
"27","John Logie Baird","Scotland",1888,1946,"an electromechanical television, electronic color television",58,2,"Normal",19,"Medium"
"28","George Ballas","U.S.",1925,2011,"String trimmer",86,1,"Aged",20,"Medium"
"29","Frederick Banting","Canada",1891,1941,"Insulin",50,1,"Normal",19,"Medium"
"30","Vladimir Baranov-Rossine","Russia/France",1888,1944,"Optophonic Piano",56,1,"Normal",19,"Medium"
"31","John Barber","UK",1734,1801,"gas turbine",67,1,"Normal",18,"Medium"
"32","John Bardeen","U.S.",1908,1991,"co-inventor of the transistor, with Brattain, Schockley",83,3,"Aged",20,"Medium"
"33","Vladimir Barmin","Russia",1909,1993,"first rocket launch complex ",84,1,"Aged",20,"Medium"
"34","Anthony R. Barringer","Canada/U.S.",1925,2009,"INPUT  airborne electromagnetic system",84,1,"Aged",20,"Medium"
"35","Earl W. Bascom","Canada/U.S.",1906,1995,"rodeo bucking chute , rodeo bronc saddle , rodeo bareback rigging , rodeo riding chaps ",89,4,"Aged",20,"Normal"
"36","Nikolay Basov","Russia",1922,2001,"co-inventor of laser, maser",79,2,"Aged",20,"Medium"
"37","Émile Baudot","France",1845,1903,"Baudot code",58,1,"Normal",19,"Medium"
"38","Eugen Baumann","Germany",1846,1896,"PVC",50,1,"Normal",19,"Medium"
"39","Trevor Baylis","UK",1937,2018,"a wind-up radio",81,1,"Aged",20,"Medium"
"40","Maria Beasley","U.S.",1847,1904,"barrel-hooping machine, improved life raft",57,2,"Normal",19,"Medium"
"41","Francis Beaufort","Ireland/UK",1774,1857,"Beaufort scale, Beaufort cipher",83,2,"Aged",18,"Medium"
"42","Arnold O. Beckman","U.S.",1900,2004,"electric pH meter",104,1,"Aged",20,"Medium"
"43","Vladimir Bekhterev","Russia",1857,1927,"Bekhterev's Mixture",70,1,"Normal",19,"Medium"
"44","Alexander Graham Bell","U.S.",1847,1922,"telephone",75,1,"Aged",19,"Medium"
"45","Nikolay Benardos","Empire",1842,1905,"arc welding ",63,1,"Normal",19,"Medium"
"46","Ruth R. Benerito","U.S.",1916,2013,"Permanent press ",97,1,"Aged",20,"Medium"
"47","Miriam Benjamin","D.C.",1861,1947,"Gong, signal chair ",86,2,"Aged",19,"Medium"
"48","Melitta Bentz","Germany",1873,1950,"paper Coffee filter",77,1,"Aged",19,"Medium"
"49","Karl Benz","Germany",1844,1929,"the petrol-powered automobile",85,1,"Aged",19,"Medium"
"50","Hans Berger","Germany",1873,1941,"first human EEG, its development",68,2,"Normal",19,"Medium"
"51","Friedrich Bergius","Germany",1884,1949,"Bergius process ",65,1,"Normal",19,"Medium"
"52","Emile Berliner","U.S.",1851,1929,"the disc record gramophone",78,1,"Aged",19,"Medium"
"53","Marcellin Berthelot","France",1827,1907,"Berthelot's reagent ",80,1,"Aged",19,"Medium"
"54","Heinrich Bertsch","Germany",1897,1981,"first fully synthetic laundry detergent ""Fewa"" ",84,1,"Aged",19,"Medium"
"55","Charles Best","Canada",1899,1978,"Insulin ",79,1,"Aged",19,"Medium"
"56","Max Bielschowsky","Germany",1869,1940,"Bielschowsky stain ",71,1,"Aged",19,"Medium"
"57","Alfred Binet","France",1857,1911,"with his student Théodore Simon , first practical Intelligence test",54,2,"Normal",19,"Medium"
"58","Clarence Birdseye","U.S.",1886,1956,"Flash freezing",70,1,"Normal",19,"Medium"
"59","László Bíró","Hungary",1899,1985,"Ballpoint pen",86,1,"Aged",19,"Medium"
"60","Thor Bjørklund","Norway",1889,1975,"Cheese slicer",86,1,"Aged",19,"Medium"
"61","J. Stuart Blackton","U.S.",1875,1941,"Stop-motion film",66,1,"Normal",19,"Medium"
"62","Otto Blathy","Hungary",1860,1939,"co-inventor of the transformer, wattmeter, alternating current , turbogenerator",79,4,"Aged",19,"Normal"
"63","John Blenkinsop","UK",1783,1831,"Blenkinsop rack railway system",48,1,"Normal",18,"Medium"
"64","Charles K. Bliss","Hungary/Australia",1897,1985,"Blissymbols",88,1,"Aged",19,"Medium"
"65","Katharine B. Blodgett","UK",1898,1979,"nonreflective glass",81,1,"Aged",19,"Medium"
"66","Alan Blumlein","UK",1903,1942,"stereo",39,1,"Young",20,"Medium"
"67","Nils Bohlin","Sweden",1920,2002,"the three-point seat belt",82,1,"Aged",20,"Medium"
"68","Charlie Booth","Australia",1903,2008,"Starting blocks",105,1,"Aged",20,"Medium"
"69","Sam Born","Russia/U.S.",1891,1959,"lollipop-making machine",68,1,"Normal",19,"Medium"
"70","Jagdish Chandra Bose","India",1858,1937,"Crescograph",79,1,"Aged",19,"Medium"
"71","Matthew Piers Watt Boulton","UK",1820,1894,"aileron",74,1,"Aged",19,"Medium"
"72","Seth Boyden","U.S.",1788,1870,"nail-making machine",82,1,"Aged",18,"Medium"
"73","Hugh Bradner","U.S.",1915,2008,"Wetsuit",93,1,"Aged",20,"Medium"
"74","Louis Braille","France",1809,1852,"Braille writing system, Braille musical notation",43,2,"Normal",19,"Medium"
"75","Jacques E. Brandenberger","Switzerland",1872,1954,"Cellophane",82,1,"Aged",19,"Medium"
"76","Édouard Branly","France",1844,1940,"Coherer",96,1,"Aged",19,"Medium"
"77","Charles F. Brannock","U.S.",1903,1992,"Brannock Device ",89,1,"Aged",20,"Medium"
"78","Walter Houser Brattain",NA,1902,1987,NA,85,NA,"Aged",20,NA
"79","Karl Ferdinand Braun","Germany",1850,1918,"cathode-ray tube oscilloscope",68,1,"Normal",19,"Medium"
"80","Stanislav Brebera","Republic",1925,2012,"Semtex explosive",87,1,"Aged",20,"Medium"
"81","David Brewster","Kingdom",1781,1868,"Kaleidoscope",87,1,"Aged",18,"Medium"
"82","Rachel Fuller Brown","U.S.",1898,1980,"Nystatin, the world's first antifungal antibiotic",82,2,"Aged",19,"Medium"
"83","William C. Brown","U.S.",1916,1999,"Crossed-field amplifier",83,1,"Aged",20,"Medium"
"84","Marie Van Brittan Brown","U.S.",1922,1999,"home security system",77,1,"Aged",20,"Medium"
"85","Friedrich Wilhelm Gustav Bruhn","Germany",1853,1927,"Taximeter",74,1,"Aged",19,"Medium"
"86","Nikolay Brusentsov","Russia",1925,2014,"ternary computer ",89,1,"Aged",20,"Medium"
"87","Dudley Allen Buck","U.S.",1927,1959,"Cryotron, content-addressable memory",32,2,"Young",20,"Medium"
"88","Edwin Beard Budding","UK",1795,1846,"lawnmower",51,1,"Normal",18,"Medium"
"89","Gersh Budker","Russia",1918,1977,"electron cooling, co-inventor of collider",59,2,"Normal",20,"Medium"
"90","Robert Bunsen","Germany",1811,1899,"Bunsen burner",88,1,"Aged",19,"Medium"
"91","Edward A. Calahan","U.S.",1838,1912,"Stock ticker tape",74,1,"Aged",19,"Medium"
"92","Nicholas Callan","Ireland",1799,1864,"Induction coil",65,1,"Normal",18,"Medium"
"93","Tullio Campagnolo","Italy",1901,1983,"Quick release skewer",82,1,"Aged",20,"Medium"
"94","Arturo Caprotti","Italy",1881,1938,"Caprotti valve gear",57,1,"Normal",19,"Medium"
"95","Gerolamo Cardano","Italy",1501,1576,"Cardan grille ",75,1,"Aged",16,"Medium"
"96","Philip Cardew","UK",1851,1910,"Hot-wire galvanometer",59,1,"Normal",19,"Medium"
"97","Chester Carlson","U.S.",1906,1968,"Xerographic copier",62,1,"Normal",20,"Medium"
"98","Antonio Benedetto Carpano","Italy",1764,1815,"Vermouth",51,1,"Normal",18,"Medium"
"99","Giovanni Caselli","Italy/France",1815,1891,"Pantelegraph",76,1,"Aged",19,"Medium"
"100","George Cayley","UK",1773,1857,"tension-spoke wheels",84,1,"Aged",18,"Medium"
"101","Anders Celsius","Sweden",1701,1744,"Celsius temperature scale",43,1,"Normal",18,"Medium"
"102","Charles Chamberland","France",1851,1908,"Chamberland filter",57,1,"Normal",19,"Medium"
"103","Claude Chappe","France",1763,1805,"Semaphore line",42,1,"Normal",18,"Medium"
"104","Vladimir Chelomey",NA,1914,1984,NA,70,NA,"Normal",20,NA
"105","Pavel Cherenkov","USSR",1904,1990,"Cherenkov detector",86,1,"Aged",20,"Medium"
"106","Ole Kirk Christiansen","Denmark",1891,1958,"Creator of Lego",67,1,"Normal",19,"Medium"
"107","Samuel Hunter Christie","UK",1784,1865,"Wheatstone bridge",81,1,"Aged",18,"Medium"
"108","Juan de la Cierva","Spain",1895,1936,"the autogyro",41,1,"Normal",19,"Medium"
"109","Charles Clagget","UK",1740,1795,"Improvements for musical instruments",55,1,"Normal",18,"Medium"
"110","Leland Clark","U.S.",1918,2005,"Clark electrode ",87,1,"Aged",20,"Medium"
"111","Georges Claude","France",1870,1960,"neon lamp",90,1,"Aged",19,"Medium"
"112","Henri Marie Coandă","Romania",1886,1972,"Coandă effect",86,1,"Aged",19,"Medium"
"113","Josephine Cochrane","U.S.",1839,1913,"dishwasher",74,1,"Aged",19,"Medium"
"114","Christopher Cockerell","UK",1910,1999,"Hovercraft",89,1,"Aged",20,"Medium"
"115","Aeneas Coffey","Ireland",1780,1852,"Coffey still",72,1,"Aged",18,"Medium"
"116","Sir Henry Cole","UK",1808,1882,"Christmas card",74,1,"Aged",19,"Medium"
"117","Samuel Colt","U.S.",1814,1862,"Revolver development",48,1,"Normal",19,"Medium"
"118","Sir William Congreve","UK",1772,1828,"Congreve rocket",56,1,"Normal",18,"Medium"
"119","George Constantinescu","Romania",1881,1965,"creator of the theory of sonics, a new branch of continuum mechanics",84,2,"Aged",19,"Medium"
"120","Albert Coons","U.S.",1912,1978,"Immunofluorescence ",66,1,"Normal",20,"Medium"
"121","Harry Coover","U.S.",1917,2011,"Super Glue",94,1,"Aged",20,"Medium"
"122","Lloyd Groff Copeman","U.S.",1865,1956,"Electric stove",91,1,"Aged",19,"Medium"
"123","Cornelis Corneliszoon","Netherlands",1550,1607,"wind powered sawmill",57,1,"Normal",16,"Medium"
"124","Wallace H. Coulter","U.S.",1913,1998,"Coulter principle",85,1,"Aged",20,"Medium"
"125","Jacques Cousteau","France",1910,1997,"co-inventor of the aqualung, the Nikonos underwater camera",87,2,"Aged",20,"Medium"
"126","John ""Jack"" Higson Cover Jr.","U.S.",1920,2009,"Taser",89,1,"Aged",20,"Medium"
"127","William Crookes","UK",1832,1919,"Crookes radiometer, Crookes tube",87,2,"Aged",19,"Medium"
"128","Bartolomeo Cristofori","Italy",1655,1731,"piano",76,1,"Aged",17,"Medium"
"129","Nicolas-Joseph Cugnot","France",1725,1804,"First steam-powered road vehicle",79,1,"Aged",18,"Medium"
"130","William Cullen","UK",1710,1790,"First artificial refrigerator",80,1,"Aged",18,"Medium"
"131","Jan Czochralski","Germany",1885,1953,"Czochralski process ",68,1,"Normal",19,"Medium"
"132","Nils Gustaf Dalén","Sweden",1869,1937,"AGA cooker, Dalén light, Agamassan, Sun valve for lighthouses, buoys",68,5,"Normal",19,"High"
"133","John Frederic Daniell","Kingdom",1790,1845,"Daniell cell",55,1,"Normal",18,"Medium"
"134","Corradino D'Ascanio","Italy",1891,1981,"Vespa scooter",90,1,"Aged",19,"Medium"
"135","Leonardo da Vinci","Italy",1452,1519,"helicopter, tanks,, parachutes for safety",67,4,"Normal",15,"Normal"
"136","Jacob Davis","U.S.",1868,1908,"Riveted jeans",40,1,"Young",19,"Medium"
"137","Humphry Davy","UK",1778,1829,"Davy miners lamp",51,1,"Normal",18,"Medium"
"138","Joseph Day","UK",1855,1946,"the crankcase-compression two-stroke engine",91,1,"Aged",19,"Medium"
"139","Lee DeForest","U.S.",1873,1961,"Phonofilm, triode",88,2,"Aged",19,"Medium"
"140","Fe del Mundo","Philippines",1911,2011,"non-electric incubator",100,1,"Aged",20,"Medium"
"141","Yuri Nikolaevich Denisyuk","Russia",1927,2006,"3D holography",79,1,"Aged",20,"Medium"
"142","Miksa Deri","Hungary",1854,1938,"co-inventor of an improved closed-core transformer",84,1,"Aged",19,"Medium"
"143","James Dewar","UK",1842,1923,"Thermos flask",81,1,"Aged",19,"Medium"
"144","Aleksandr Dianin","Russia",1851,1918,"Bisphenol A, Dianin's compound",67,2,"Normal",19,"Medium"
"145","William Kennedy Laurie Dickson","UK",1860,1935,"motion picture camera",75,1,"Aged",19,"Medium"
"146","Philip Diehl","U.S.",1847,1913,"Ceiling fan",66,1,"Normal",19,"Medium"
"147","Rudolf Diesel","Germany",1858,1913,"Diesel engine",55,1,"Normal",19,"Medium"
"148","William H. Dobelle","States",1943,2004,"Dobelle Eye",61,1,"Normal",20,"Medium"
"149","Johann Wolfgang Döbereiner","Germany",1780,1849,"Döbereiner's lamp ",69,1,"Normal",18,"Medium"
"150","Ray Dolby","U.S.",1933,2013,"Dolby noise-reduction system",80,1,"Aged",20,"Medium"
"151","Mikhail Dolivo-Dobrovolsky","Poland/Russia",1862,1919,"three-phase electric power",57,1,"Normal",19,"Medium"
"152","Marion O'Brien Donovan","U.S.",1917,1998,"Waterproof diaper",81,1,"Aged",20,"Medium"
"153","Hub van Doorne",NA,1900,1979,NA,79,NA,"Aged",20,NA
"154","John Thompson Dorrance","U.S.",1873,1930,"Condensed soup",57,1,"Normal",19,"Medium"
"155","Amanda Minnie Douglas",NA,1831,1916,NA,85,NA,"Aged",19,NA
"156","Charles Dow","U.S.",1851,1902,"Dow Jones Industrial Average",51,1,"Normal",19,"Medium"
"157","Anastase Dragomir","Romania",1896,1966,"Ejection seat",70,1,"Normal",19,"Medium"
"158","Karl Drais","Germany",1785,1851,"dandy horse, Draisine",66,2,"Normal",18,"Medium"
"159","Richard Drew","U.S.",1899,1980,"Masking tape",81,1,"Aged",19,"Medium"
"160","John Boyd Dunlop","UK",1840,1921,"first practical pneumatic tyre",81,1,"Aged",19,"Medium"
"161","Cyril Duquet","Canada",1841,1922,"Telephone handset",81,1,"Aged",19,"Medium"
"162","Alexey Dushkin","Russia",1904,1977,"deep column station",73,1,"Aged",20,"Medium"
"163","George Eastman","U.S.",1854,1932,"roll film",78,1,"Aged",19,"Medium"
"164","J. Presper Eckert","U.S.",1919,1995,"ENIAC – the first general purpose programmable digital computer",76,1,"Aged",20,"Medium"
"165","Thomas Alva Edison","U.S.",1847,1931,"phonograph, commercially practical incandescent light bulb, etc.",84,3,"Aged",19,"Medium"
"166","Pehr Victor Edman","Sweden",1916,1977,"Edman degradation for Protein sequencing",61,1,"Normal",20,"Medium"
"167","Sir Robert Geoffrey Edwards","Kingdom",1925,2013,"In vitro fertilisation",88,1,"Aged",20,"Medium"
"168","Willem Einthoven","Netherlands",1860,1927,"the electrocardiogram",67,1,"Normal",19,"Medium"
"169","Benjamin Eisenstadt","U.S.",1906,1996,"Sugar packet",90,1,"Aged",20,"Medium"
"170","Paul Eisler","Austria/U.S.",1907,1992,"Printed circuit board ",85,1,"Aged",20,"Medium"
"171","Rune Elmqvist","Sweden",1906,1996,"implantable pacemaker",90,1,"Aged",20,"Medium"
"172","John Haven Emerson","U.S.",1906,1997,"iron lung",91,1,"Aged",20,"Medium"
"173","Douglas Engelbart","U.S.",1925,2013,"the computer mouse",88,1,"Aged",20,"Medium"
"174","John Ericsson","Sweden",1803,1889,"the two screw-propeller",86,1,"Aged",19,"Medium"
"175","Emil Erlenmeyer","Germany",1825,1909,"Erlenmeyer flask",84,1,"Aged",19,"Medium"
"176","Ole Evinrude","Norway",1877,1934,"outboard motor",57,1,"Normal",19,"Medium"
"177","Samuel Face","U.S.",1923,2001,"concrete flatness/levelness technology; Lightning Switch",78,1,"Aged",20,"Medium"
"178","Daniel Gabriel Fahrenheit","Netherlands",1686,1736,"Fahrenheit temperature scale, Mercury-in-glass thermometer",50,2,"Normal",17,"Medium"
"179","Michael Faraday","UK",1791,1867,"electric transformer, electric motor",76,2,"Aged",18,"Medium"
"180","Johann Maria Farina",NA,1685,1766,NA,81,NA,"Aged",17,NA
"181","Myra Juliet Farrell","Australia",1878,1957,"stitchless button, Press stud",79,2,"Aged",19,"Medium"
"182","Philo Farnsworth","U.S.",1906,1971,"electronic television",65,1,"Normal",20,"Medium"
"183","John Bennett Fenn","U.S.",1917,2010,"Electrospray ionization",93,1,"Aged",20,"Medium"
"184","Henry John Horstman Fenton","UK",1854,1929,"Fenton's reagent ",75,1,"Aged",19,"Medium"
"185","James Fergason","U.S.",1934,2008,"improved liquid crystal display",74,1,"Aged",20,"Medium"
"186","Enrico Fermi","Italy",1901,1954,"nuclear reactor",53,1,"Normal",20,"Medium"
"187","Humberto Fernández-Morán","Venezuela",1924,1999,"Diamond scalpel, Ultra microtome",75,2,"Aged",20,"Medium"
"188","Michele Ferrero","Italy",1925,2015,"Kinder Surprise = Kinder Eggs, Nutella",90,2,"Aged",20,"Medium"
"189","Reginald Fessenden","Canada",1866,1932,"two-way radio",66,1,"Normal",19,"Medium"
"190","Robert Feulgen","Germany",1884,1955,"Feulgen stain ",71,1,"Aged",19,"Medium"
"191","Adolf Gaston Eugen Fick","Germany",1829,1901,"contact lens",72,1,"Aged",19,"Medium"
"192","Abbas Ibn Firnas","Andalus",810,887,"fused quartz, silica glass, metronome",77,3,"Aged",9,"Medium"
"193","Gerhard Fischer","Germany/U.S.",1899,1988,"hand-held metal detector",89,1,"Aged",19,"Medium"
"194","Paul C. Fisher","U.S.",1913,2006,"Space Pen",93,1,"Aged",20,"Medium"
"195","Alexander Fleming","Scotland",1881,1955,"Penicillin",74,1,"Aged",19,"Medium"
"196","John Ambrose Fleming","UK",1848,1945,"Vacuum diode",97,1,"Aged",19,"Medium"
"197","Sandford Fleming","Canada",1827,1915,"Universal Standard Time",88,1,"Aged",19,"Medium"
"198","Nicolas Florine","Georgia/Russia/Belgium",1891,1972,"first tandem rotor helicopter to fly freely",81,1,"Aged",19,"Medium"
"199","Tommy Flowers","UK",1905,1998,"Colossus an early electronic computer.",93,1,"Aged",20,"Medium"
"200","Enrico Forlanini","Italy",1848,1930,"Steam helicopter, hydrofoil, Forlanini airships",82,3,"Aged",19,"Medium"
"201","Jean Bernard Léon Foucault","France",1819,1868,"Foucault pendulum, gyroscope, eddy current",49,3,"Normal",19,"Medium"
"202","Benoît Fourneyron","France",1802,1867,"water turbine",65,1,"Normal",19,"Medium"
"203","John Fowler","UK",1826,1864,"steam-driven ploughing engine",38,1,"Young",19,"Medium"
"204","Benjamin Franklin","U.S.",1706,1790,"the pointed lightning rod conductor, bifocal glasses, the Franklin stove, the glass harmonica",84,4,"Aged",18,"Normal"
"205","Herman Frasch","U.S.",1851,1914,"Frasch process , Paraffin wax purification",63,2,"Normal",19,"Medium"
"206","Augustin-Jean Fresnel","France",1788,1827,"Fresnel lens",39,1,"Young",18,"Medium"
"207","William Friese-Greene","UK",1855,1921,"cinematography",66,1,"Normal",19,"Medium"
"208","Julius Fromm","Germany",1883,1945,"first seamless Condom",62,1,"Normal",19,"Medium"
"209","Buckminster Fuller","U.S.",1895,1983,"geodesic dome",88,1,"Aged",19,"Medium"
"210","Robert Fulton","States",1765,1815,"first commercially successful steamboat, first practical submarine",50,2,"Normal",18,"Medium"
"211","Svyatoslav Fyodorov","Russia",1927,2000,"radial keratotomy",73,1,"Aged",20,"Medium"
"212","Vladimir Fyodorov","Russia",1874,1966,"Fedorov Avtomat ",92,1,"Aged",19,"Medium"
"213","Dennis Gabor","British",1900,1979,"holography",79,1,"Aged",20,"Medium"
"214","Boris Borisovich Galitzine","Russia",1862,1916,"electromagnetic seismograph",54,1,"Normal",19,"Medium"
"215","Alfred William Gallagher","Zealand",1911,1990,"Electric fence for farmers",79,1,"Aged",20,"Medium"
"216","Elmer R. Gates","U.S.",1859,1923,"foam fire extinguisher, electric loom mechanisms, magnetic & diamagnetic separators, educational toy *",64,4,"Normal",19,"Normal"
"217","Richard J. Gatling","U.S.",1818,1903,"wheat drill, first successful machine gun",85,2,"Aged",19,"Medium"
"218","Georgy Gause","Russia",1910,1986,"gramicidin S, neomycin, lincomycin, other antibiotics",76,4,"Aged",20,"Normal"
"219","Norman Gaylord","U.S.",1923,2007,"rigid gas-permeable contact lens",84,1,"Aged",20,"Medium"
"220","Karl-Hermann Geib","USSR",1908,1949,"Girdler sulfide process",41,1,"Normal",20,"Medium"
"221","Hans Wilhelm Geiger","Germany",1882,1945,"Geiger counter",63,1,"Normal",19,"Medium"
"222","Nestor Genko","Russia",1839,1904,"Genko's Forest Belt ",65,1,"Normal",19,"Medium"
"223","Friedrich Clemens Gerke","Germany",1801,1888,"current international Morse code",87,1,"Aged",19,"Medium"
"224","David Gestetner","UK",1854,1939,"Gestetner copier",85,1,"Aged",19,"Medium"
"225","Alberto Gianni","Italy",1891,1930,"Torretta butoscopica",39,1,"Young",19,"Medium"
"226","John Heysham Gibbon","U.S.",1903,1973,"Heart-lung machine",70,1,"Normal",20,"Medium"
"227","Gustav Giemsa","Germany",1867,1948,"Giemsa stain ",81,1,"Aged",19,"Medium"
"228","Adolph Giesl-Gieslingen","Austria",1903,1992,"Giesl ejector",89,1,"Aged",20,"Medium"
"229","Henri Giffard","France",1825,1882,"powered airship, injector",57,2,"Normal",19,"Medium"
"230","David J. Gingery",NA,1932,2004,NA,72,NA,"Aged",20,NA
"231","Donald A. Glaser","U.S.",1926,2013,"Bubble chamber",87,1,"Aged",20,"Medium"
"232","Joseph Glass","England",1791,1867,"chimney-sweeping apparatus",76,1,"Aged",18,"Medium"
"233","Valentyn Glushko","Russia",1908,1989,"hypergolic propellant, electric propulsion, Soviet rocket engines ",81,3,"Aged",20,"Medium"
"234","Heinrich Göbel","Germany",1818,1893," incandescent lamp",75,1,"Aged",19,"Medium"
"235","Leonid Gobyato","Russia",1875,1915,"man-portable mortar",40,1,"Young",19,"Medium"
"236","Robert Goddard","U.S.",1882,1945,"liquid fuel rocket",63,1,"Normal",19,"Medium"
"237","Peter Carl Goldmark","Hungary",1906,1977,"vinyl record , CBS color television",71,2,"Aged",20,"Medium"
"238","Camillo Golgi","Italy",1843,1926,"Golgi's method ",83,1,"Aged",19,"Medium"
"239","György Gömöri","U.S.",1904,1957,"Gömöri trichrome stain, Gömöri methenamine silver stain ",53,2,"Normal",20,"Medium"
"240","Charles Goodyear","U.S.",1800,1860,"vulcanization of rubber",60,1,"Normal",19,"Medium"
"241","Igor Gorynin","Russia",1926,2015,"weldable titanium alloys, high strength aluminium alloys, radiation-hardened steels",89,3,"Aged",20,"Medium"
"242","Gordon Gould","U.S.",1920,2005,"Laser, see also Theodore Maiman",85,2,"Aged",20,"Medium"
"243","Richard Hall Gower","UK",1768,1833,"ship's hull, rigging",65,2,"Normal",18,"Medium"
"244","Boris Grabovsky","Russia",1901,1966,"cathode commutator, an early electronic TV pickup tube",65,2,"Normal",20,"Medium"
"245","Bette Nesmith Graham","U.S.",1924,1980,"Correction fluid, Liquid Paper",56,2,"Normal",20,"Medium"
"246","Hans Christian Gram","Germany",1853,1938,"Gram staining ",85,1,"Aged",19,"Medium"
"247","Zénobe Gramme","Belgium/France",1826,1901,"Gramme dynamo",75,1,"Aged",19,"Medium"
"248","James Henry Greathead","Africa",1844,1896,"tunnel boring machine, tunnelling shield technique",52,2,"Normal",19,"Medium"
"249","Chester Greenwood","U.S.",1858,1937,"thermal earmuffs",79,1,"Aged",19,"Medium"
"250","James Gregory","Scotland",1638,1675,"Gregorian telescope",37,1,"Young",17,"Medium"
"251","William Griggs","England",1832,1911,"a process of photolithography",79,1,"Aged",19,"Medium"
"252","William Robert Grove","Wales",1811,1896,"fuel cell",85,1,"Aged",19,"Medium"
"253","Gustav Guanella","Switzerland",1909,1982,"DSSS, Guanella-Balun",73,2,"Aged",20,"Medium"
"254","Otto von Guericke","Germany",1602,1686,"vacuum pump, manometer, dasymeter",84,3,"Aged",17,"Medium"
"255","Goldsworthy Gurney","England",1793,1875,"Gurney Stove",82,1,"Aged",18,"Medium"
"256","Bartolomeu de Gusmão","Brazil",1685,1724,"early air balloons",39,1,"Young",17,"Medium"
"257","Samuel Guthrie (physician)","U.S.",1782,1848,"discovered chloroform",66,1,"Normal",18,"Medium"
"258","Fritz Haber","Germany",1868,1934,"Haber process ",66,1,"Normal",19,"Medium"
"259","John Hadley","UK",1682,1744,"Octant",62,1,"Normal",17,"Medium"
"260","Waldemar Haffkine","Russia/Switzerland",1860,1930,"first anti-cholera, anti-plague vaccines",70,2,"Normal",19,"Medium"
"261","Charles Hall","U.S.",1863,1914,"aluminum production",51,1,"Normal",19,"Medium"
"262","Robert N. Hall","U.S.",1919,2016,"Semiconductor laser",97,1,"Aged",20,"Medium"
"263","Tracy Hall","U.S.",1919,2008,"synthetic diamond",89,1,"Aged",20,"Medium"
"264","Richard Hamming","U.S.",1915,1998,"Hamming code",83,1,"Aged",20,"Medium"
"265","John Hays Hammond Jr.","U.S.",1888,1965,"radio control",77,1,"Aged",19,"Medium"
"266","Ruth Handler","U.S.",1916,2002,"Barbie doll",86,1,"Aged",20,"Medium"
"267","James Hargreaves","UK",1720,1778,"spinning jenny",58,1,"Normal",18,"Medium"
"268","John Harington","UK",1561,1612,"the flush toilet",51,1,"Normal",16,"Medium"
"269","William Snow Harris","Kingdom",1791,1867,"much improved naval Lightning rods",76,1,"Aged",18,"Medium"
"270","John Harrison","UK",1693,1776,"marine chronometer",83,1,"Aged",17,"Medium"
"271","Ross Granville Harrison","U.S.",1870,1959,"first successful animal Tissue culture, Cell culture",89,2,"Aged",19,"Medium"
"272","Victor Hasselblad","Sweden",1906,1978,"invented the 6 x 6 cm single-lens reflex camera",72,1,"Aged",20,"Medium"
"273","Ibn al-Haytham (Alhazen)","Iraq",965,1039,"camera obscura, pinhole camera, magnifying glass",74,3,"Aged",10,"Medium"
"274","Zheng He","China",1371,1433,"Chinese treasure ship",62,1,"Normal",14,"Medium"
"275","George H. Heilmeier","U.S.",1936,2014,"liquid crystal display ",78,1,"Aged",20,"Medium"
"276","Henry Heimlich","U.S.",1920,2016,"Heimlich maneuver",96,1,"Aged",20,"Medium"
"277","Robert A. Heinlein","U.S.",1907,1988,"waterbed",81,1,"Aged",20,"Medium"
"278","Jozef Karol Hell","Slovakia",1713,1789,"the water pillar",76,1,"Aged",18,"Medium"
"279","Rudolf Hell","Germany",1901,2002,"the Hellschreiber",101,1,"Aged",20,"Medium"
"280","Hermann von Helmholtz","Germany",1821,1894,"Helmholtz pitch notation, Helmholtz resonator, ophthalmoscope",73,3,"Aged",19,"Medium"
"281","Zhang Heng","China",78,139,"Seismometer, first hydraulic-powered armillary sphere",61,2,"Normal",1,"Medium"
"282","Beulah Louise Henry","U.S.",1887,1973,"bobbin-free sewing machine, vacuum ice cream freezer",86,2,"Aged",19,"Medium"
"283","Joseph Henry","Scotland/U.S.",1797,1878,"electromagnetic relay",81,1,"Aged",18,"Medium"
"284","John Herschel","UK",1792,1871,"photographic fixer , actinometer",79,2,"Aged",18,"Medium"
"285","Heinrich Hertz","Germany",1857,1894,"radio telegraphy, electromagnetic radiation",37,2,"Young",19,"Medium"
"286","George de Hevesy","Hungary",1885,1966,"radioactive tracer",81,1,"Aged",19,"Medium"
"287","Ronald Price Hickman","U.S.",1932,2011,"designed the original Lotus Elan, the Lotus Elan +2, the Lotus Europa, as well as the  Black & Decker Workmate",79,4,"Aged",20,"Normal"
"288","Rowland Hill","UK",1795,1879,"postage stamp",84,1,"Aged",18,"Medium"
"289","Tanaka Hisashige","Japan",1799,1881,"Myriad year clock",82,1,"Aged",18,"Medium"
"290","Felix Hoffmann (Bayer)","Germany",1868,1949,"Aspirin",81,1,"Aged",19,"Medium"
"291","Albert Hofmann","Switzerland",1906,2008,"LSD",102,1,"Aged",20,"Medium"
"292","Kotaro Honda","Japan",1870,1954,"KS steel",84,1,"Aged",19,"Medium"
"293","Herman Hollerith","U.S.",1860,1929,"recording data on a machine readable medium, tabulator, punched cards",69,3,"Normal",19,"Medium"
"294","Norman Holter","U.S.",1914,1983,"Holter monitor",69,1,"Normal",20,"Medium"
"295","Robert Hooke","UK",1635,1703,"balance wheel, iris diaphragm, acoustic telephone",68,3,"Normal",17,"Medium"
"296","Grace Murray Hopper","U.S.",1906,1992,"Compiler",86,1,"Aged",20,"Medium"
"297","Frank Hornby","UK",1863,1936,"invented Meccano",73,1,"Aged",19,"Medium"
"298","Royal Earl House","U.S.",1814,1895,"first Printing telegraph",81,1,"Aged",19,"Medium"
"299","Coenraad Johannes van Houten","Netherlands",1801,1887,"cocoa powder, cacao butter, chocolate milk",86,3,"Aged",19,"Medium"
"300","Elias Howe","U.S.",1819,1867,"sewing machine",48,1,"Normal",19,"Medium"
"301","David Edward Hughes","UK",1831,1900,"printing telegraph",69,1,"Normal",19,"Medium"
"302","Troy Hurtubise","Canada",1963,2018,"Trojan Ballistics Suit of Armor, Ursus suit, Firepaste, Angel Light",55,4,"Normal",20,"Normal"
"303","Miller Reese Hutchison","U.S.",1876,1944,"Klaxon, electric hearing aid",68,2,"Normal",19,"Medium"
"304","Christiaan Huygens","Netherlands",1629,1695,"pendulum clock",66,1,"Normal",17,"Medium"
"305","John Wesley Hyatt","U.S.",1837,1920,"celluloid manufacturing.",83,1,"Aged",19,"Medium"
"306","Gavriil Ilizarov","Russia",1921,1992,"Ilizarov apparatus, external fixation, distraction osteogenesis",71,3,"Aged",20,"Medium"
"307","János Irinyi","Hungary",1817,1895,"noiseless match",78,1,"Aged",19,"Medium"
"308","Ub Iwerks","S.",1901,1971,"Multiplane camera for animation",70,1,"Normal",20,"Medium"
"309","Moritz von Jacobi","Germany/Russia",1801,1874,"electrotyping, electric boat",73,2,"Aged",19,"Medium"
"310","Karl Guthe Jansky","U.S.",1905,1950,"radio telescope",45,1,"Normal",20,"Medium"
"311","Karl Jatho","Germany",1873,1933,"aeroplane",60,1,"Normal",19,"Medium"
"312","Al-Jazari","Iraq",1136,1206,"crank-driven, hydropowered saqiya chain pump, crank-driven screw, screwpump, elephant clock, weight-driven clock, weight-driven pump, reciprocating piston suction pump, geared, hydropowered water supply system, programmable humanoid robots, robotics, hand washing automata, flush mechanism, lamination, static balancing, paper model, sand casting, molding sand, intermittency, linkage",70,21,"Normal",12,"Very High"
"313","Ibn Al-Jazzar (Algizar)","Tunisia",895,979,"sexual dysfunction, erectile dysfunction treatment drugs",84,2,"Aged",9,"Medium"
"314","Ányos Jedlik","Hungary",1800,1898,"Jedlik dynamo",98,1,"Aged",19,"Medium"
"315","Charles Francis Jenkins","U.S.",1867,1934,"television, movie projector ",67,2,"Normal",19,"Medium"
"316","Steve Jobs","U.S.",1955,2011,"Apple Macintosh computer, iPod, iPhone, iPad, other devices, software operating systems, applications.",56,7,"Normal",20,"High"
"317","Carl Edvard Johansson","Sweden",1864,1943,"Gauge blocks",79,1,"Aged",19,"Medium"
"318","Johan Petter Johansson","Sweden",1853,1943,"Pipe wrench, adjustable spanner",90,2,"Aged",19,"Medium"
"319","Reynold B. Johnson","U.S.",1906,1998,"Hard disk drive",92,1,"Aged",20,"Medium"
"320","Philipp von Jolly","Germany",1809,1884,"Jolly balance",75,1,"Aged",19,"Medium"
"321","Tom Parry Jones","Kingdom",1935,2013,"first electronic Breathalyzer",78,1,"Aged",20,"Medium"
"322","Assen Jordanoff","Bulgaria",1896,1967,"airbag",71,1,"Aged",19,"Medium"
"323","Anatol Josepho",NA,1894,1980,NA,86,NA,"Aged",19,NA
"324","Marjorie Joyner","U.S.",1896,1994,"Permanent wave machine",98,1,"Aged",19,"Medium"
"325","Whitcomb Judson","U.S.",1836,1909,"zipper",73,1,"Aged",19,"Medium"
"326","Percy Lavon Julian","U.S.",1899,1975,"chemical synthesis of medicinal drugs from plants",76,1,"Aged",19,"Medium"
"327","Mikhail Kalashnikov","Russia",1919,2013,"AK-47, AK-74 assault rifles ",94,2,"Aged",20,"Medium"
"328","Heike Kamerlingh Onnes","Netherlands",1853,1926,"liquid helium",73,1,"Aged",19,"Medium"
"329","Nikolay Kamov","Russia",1902,1973,"armored battle autogyro, Ka-series coaxial rotor helicopters",71,2,"Aged",20,"Medium"
"330","Pyotr Kapitsa","Russia",1894,1984,"first ultrastrong magnetic field creating techniques, basic low-temperature physics inventions",90,2,"Aged",19,"Medium"
"331","Georgii Karpechenko","Russia",1899,1941,"rabbage ",42,1,"Normal",19,"Medium"
"332","Andrew Kay","U.S.",1919,2014,"Digital voltmeter",95,1,"Aged",20,"Medium"
"333","Adolphe Kégresse","France/Russia",1879,1943,"Kégresse track , dual-clutch transmission",64,2,"Normal",19,"Medium"
"334","John Harvey Kellogg",NA,1852,1943,NA,91,NA,"Aged",19,NA
"335","Alexander Kemurdzhian","Russia",1921,2003,"first space exploration rover ",82,1,"Aged",20,"Medium"
"336","Mary Kenner","U.S.",1912,2006,"sanitary belt",94,1,"Aged",20,"Medium"
"337","William Saville-Kent","UK/Australia",1845,1908,"Pearl culture, see also Mikimoto Kōkichi",63,2,"Normal",19,"Medium"
"338","Kerim Kerimov","Russia",1917,2003,"co-developer of human spaceflight, space dock, space station",86,3,"Aged",20,"Medium"
"339","Charles F. Kettering","U.S.",1876,1958,"invented automobile self-starter ignition, Freon ethyl gasoline, more",82,3,"Aged",19,"Medium"
"340","Fazlur Khan","Bangladesh",1929,1982,"structural systems for high-rise skyscrapers",53,1,"Normal",20,"Medium"
"341","Yulii Khariton","Russia",1904,1996,"chief designer of the Soviet atomic bomb, co-developer of the Tsar Bomba",92,2,"Aged",20,"Medium"
"342","Anatoly Kharlampiyev","Russia",1906,1979,"Sambo ",73,1,"Aged",20,"Medium"
"343","Konstantin Khrenov","Russia",1894,1984,"underwater welding",90,1,"Aged",19,"Medium"
"344","Marcel Kiepach","Croatia",1894,1915,"dynamo, maritime compass that indicates north regardless of the presence of iron or magnetic forces",21,2,"Young",19,"Medium"
"345","Erhard Kietz","U.S.",1909,1982,"signal improvements for video transmissions[1]",73,1,"Aged",20,"Medium"
"346","Jack Kilby","U.S.",1923,2005,"patented the first integrated circuit",82,1,"Aged",20,"Medium"
"347","Al-Kindi (Alkindus)","Iraq/Yemen",801,873," unambiguously described the distillation of wine in the 9th century, cryptanalysis, frequency analysis",72,3,"Aged",9,"Medium"
"348","Petrus Jacobus Kipp","Netherlands",1808,1864,"Kipp's apparatus ",56,1,"Normal",19,"Medium"
"349","Fritz Klatte","Germany",1880,1934,"vinyl chloride, forerunner to polyvinyl chloride",54,2,"Normal",19,"Medium"
"350","Yves Klein","France",1928,1962,"International Klein Blue",34,1,"Young",20,"Medium"
"351","Margaret E. Knight","U.S.",1838,1914,"machine that completely constructs box-bottom brown paper bags",76,1,"Aged",19,"Medium"
"352","Ivan Knunyants","Armenia/Russia",1906,1990,"capron, Nylon 6, polyamide-6",84,3,"Aged",20,"Medium"
"353","Robert Koch","Germany",1843,1910,"method for culturing bacteria on solid media",67,1,"Normal",19,"Medium"
"354","Willem Johan Kolff","Netherlands",1911,2009,"artificial kidney hemodialysis machine",98,1,"Aged",20,"Medium"
"355","Rudolf Kompfner","U.S.",1909,1977,"Traveling-wave tube",68,1,"Normal",20,"Medium"
"356","Sergei Korolev","USSR",1907,1966,"first successful intercontinental ballistic missile , R-7 rocket family, Sputniks , Vostok program ",59,4,"Normal",20,"Normal"
"357","Nikolai Korotkov","Empire",1874,1920,"auscultatory technique for blood pressure measurement",46,1,"Normal",19,"Medium"
"358","Semyon Korsakov","Empire",1787,1853,"punched card for information storage",66,1,"Normal",18,"Medium"
"359","Mikhail Koshkin","Russia",1898,1940,"T-34 medium tank, the best, most produced tank of World War II[2]",42,3,"Normal",19,"Medium"
"360","Ognjeslav Kostović","Serbia/Russia",1851,1916,"arborite ",65,1,"Normal",19,"Medium"
"361","Gleb Kotelnikov","Russia",1872,1944,"knapsack parachute, drogue parachute",72,2,"Aged",19,"Medium"
"362","William Justin Kroll","Luxemburg/U.S.",1889,1973,"Kroll process",84,1,"Aged",19,"Medium"
"363","Alfred Krupa",NA,NA,NA,NA,NA,NA,NA,NA,NA
"364","Aleksey Krylov","Russia",1863,1945,"gyroscopic damping of ships",82,1,"Aged",19,"Medium"
"365","Ivan Kulibin","Russia",1735,1818,"egg-shaped clock, candle searchlight, elevator using screw mechanisms, a self-rolling carriage featuring a flywheel, brake, gear box,, bearing, an early optical telegraph",83,9,"Aged",18,"Very High"
"366","Shen Kuo","China",1031,1095,"improved gnomon, armillary sphere, clepsydra,, sighting tube",64,5,"Normal",11,"High"
"367","Igor Kurchatov","Russia",1903,1960,"first nuclear power plant, first nuclear reactors for submarines, surface ships",57,3,"Normal",20,"Medium"
"368","Stephanie Kwolek","U.S.",1923,2014,"Kevlar",91,1,"Aged",20,"Medium"
"369","John Howard Kyan","Ireland",1774,1850,"The process of Kyanization used for wood preservation",76,1,"Aged",18,"Medium"
"370","Dmitry Lachinov","Russia",1842,1902,"mercury pump, economizer for electricity consumption, electrical insulation tester, optical dynamometer, photometer, electrolyser",60,6,"Normal",19,"High"
"371","René Laennec","France",1781,1826,"stethoscope",45,1,"Normal",18,"Medium"
"372","Georges Lakhovsky","Russia/U.S.",1869,1942,"Multiple Wave Oscillator",73,1,"Aged",19,"Medium"
"373","Hedy Lamarr","U.S.",1913,2000,"Spread spectrum radio",87,1,"Aged",20,"Medium"
"374","Edwin H. Land","U.S.",1909,1991,"Polaroid polarizing filters, the Land Camera",82,2,"Aged",20,"Medium"
"375","Samuel P. Langley","U.S.",1834,1906,"bolometer",72,1,"Aged",19,"Medium"
"376","Alexander Nikolayevich Lodygin","Russia",1847,1923,"incandescent lamp",76,1,"Aged",19,"Medium"
"377","Irving Langmuir","U.S.",1851,1957,"gas filled incandescent light bulb, hydrogen welding",106,2,"Aged",19,"Medium"
"378","Norm Larsen","U.S.",1923,1970,"WD-40",47,1,"Normal",20,"Medium"
"379","Lewis Latimer","U.S.",1848,1928,"improved carbon-filament light bulb",80,1,"Aged",19,"Medium"
"380","Gustav de Laval","Sweden",1845,1913,"invented the milk separator, the milking machine",68,2,"Normal",19,"Medium"
"381","Semyon Lavochkin","Russia",1900,1960,"La-series aircraft, first operational surface-to-air missile S-25 Berkut",60,2,"Normal",20,"Medium"
"382","John Bennet Lawes","UK",1814,1900,"superphosphate or chemical fertilizer",86,1,"Aged",19,"Medium"
"383","Ernest Orlando Lawrence","U.S.",1901,1958,"Cyclotron",57,1,"Normal",20,"Medium"
"384","Sergei Lebedev","Russia",1874,1934,"commercially viable synthetic rubber",60,1,"Normal",19,"Medium"
"385","William Lee","UK",1563,1614,"Stocking frame knitting machine",51,1,"Normal",16,"Medium"
"386","Edward Leedskalnin","U.S.",1887,1951,"construction techniques used to single-handedly lift massive coral blocks in the creation of his Coral Castle",64,1,"Normal",19,"Medium"
"387","Antoni van Leeuwenhoek","Netherlands",1632,1723,"development of the microscope",91,1,"Aged",17,"Medium"
"388","Jerome H. Lemelson","U.S.",1923,1997,"Inventions in the fields in which he patented make possible, wholly or in part, innovations like automated warehouses, industrial robots, cordless telephones, fax machines, videocassette recorders, camcorders,, the magnetic tape drive used in Sony's Walkman tape players.",74,10,"Aged",20,"Very High"
"389","Jean-Joseph Etienne Lenoir","Belgium",1822,1900,"internal combustion engine, motorboat",78,2,"Aged",19,"Medium"
"390","R. G. LeTourneau","U.S.",1888,1969,"electric wheel, motor scraper, mobile oil drilling platform, bulldozer, cable control unit for scrapers",81,5,"Aged",19,"High"
"391","Willard Frank Libby","U.S.",1908,1980,"radiocarbon dating",72,1,"Aged",20,"Medium"
"392","Justus von Liebig","Germany",1803,1873,"nitrogen-based fertilizer",70,1,"Normal",19,"Medium"
"393","Otto Lilienthal","Germany",1848,1896,"hang glider",48,1,"Normal",19,"Medium"
"394","Lin Yutang","China/U.S.",1895,1976,"Chinese language typewriter",81,1,"Aged",19,"Medium"
"395","Charles Lindbergh","U.S.",1902,1974,"organ perfusion pump",72,1,"Aged",20,"Medium"
"396","Frans Wilhelm Lindqvist","Sweden",1862,1931,"Kerosene stove operated by compressed air",69,1,"Normal",19,"Medium"
"397","Carl Linnaeus","Sweden",1707,1778,"formal Binomial nomenclature for living organisms, Horologium Florae",71,2,"Aged",18,"Medium"
"398","Hans Lippershey","Netherlands",1570,1619,"associated with the appearance of the telescope",49,1,"Normal",16,"Medium"
"399","Jonas Ferdinand Gabriel Lippmann","France",1845,1921,"Lippmann plate, Integral imaging, Lippmann electrometer",76,3,"Aged",19,"Medium"
"400","William Howard Livens","UK",1889,1964,"chemical warfare – Livens Projector",75,1,"Aged",19,"Medium"
"401","Eduard Locher","Switzerland",1840,1910,"Locher rack railway system",70,1,"Normal",19,"Medium"
"402","Alexander Lodygin","Russia",1847,1923,"electrical filament, incandescent light bulb with tungsten filament",76,2,"Aged",19,"Medium"
"403","Mikhail Lomonosov","Russia",1711,1765,"night vision telescope, off-axis reflecting telescope, coaxial rotor, re-invented smalt",54,4,"Normal",18,"Normal"
"404","Yury Lomonosov","Kingdom",1876,1952,"first successful mainline diesel locomotive",76,1,"Aged",19,"Medium"
"405","Oleg Losev","Russia",1903,1942,"light-emitting diode, crystadine",39,2,"Young",20,"Medium"
"406","Antoine Louis","France",1723,1792,"Guillotine",69,1,"Normal",18,"Medium"
"407","Archibald Low","Britain",1882,1956,"Pioneer of radio guidance systems",74,1,"Aged",19,"Medium"
"408","Ed Lowe","U.S.",1920,1995,"Cat litter",75,1,"Aged",20,"Medium"
"409","Gleb Lozino-Lozinskiy","Russia",1909,2001,"Buran , Spiral project",92,2,"Aged",20,"Medium"
"410","Ignacy Łukasiewicz","Poland",1822,1882,"Kerosene lamp",60,1,"Normal",19,"Medium"
"411","Giovanni Luppis or Ivan Vukić",NA,1813,1875,NA,62,NA,"Normal",19,NA
"412","Arkhip Lyulka","Russia",1908,1984,"first double jet turbofan engine, other Soviet aircraft engines",76,2,"Aged",20,"Medium"
"413","Charles Macintosh","Scotland",1766,1843,"waterproof raincoat, life vest",77,2,"Aged",18,"Medium"
"414","Theodore Maiman","U.S.",1927,2007,"Laser, see also Gordon Gould",80,2,"Aged",20,"Medium"
"415","Stepan Makarov","Russia",1849,1904,"Icebreaker Yermak, the first true icebreaker able to ride over, crush pack ice",55,3,"Normal",19,"Medium"
"416","Victor Makeev","Russia",1924,1985,"first submarine-launched ballistic missile",61,1,"Normal",20,"Medium"
"417","Nestor Makhno","Ukraine/Russia",1888,1934,"tachanka",46,1,"Normal",19,"Medium"
"418","Dmitri Dmitrievich Maksutov","Russia",1896,1964,"Maksutov telescope",68,1,"Normal",19,"Medium"
"419","Annie Malone","U.S.",1869,1957,"Cosmetics for African American women",88,1,"Aged",19,"Medium"
"420","Al-Ma'mun","Iraq",786,833,"singing bird automata, terrestrial globe",47,2,"Normal",8,"Medium"
"421","Boris Mamyrin","Russia",1919,2007,"reflectron ",88,1,"Aged",20,"Medium"
"422","George William Manby","UK",1765,1854,"Fire extinguisher",89,1,"Aged",18,"Medium"
"423","Charles Mantoux","France",1877,1947,"Mantoux test ",70,1,"Normal",19,"Medium"
"424","Guglielmo Marconi","Italy",1874,1937,"radio telegraphy",63,1,"Normal",19,"Medium"
"425","Gheorghe Marinescu","Romania",1863,1938,"the first science films in the world in the neurology clinic in Bucharest ",75,1,"Aged",19,"Medium"
"426","Sylvester Marsh","U.S.",1803,1884,"Marsh rack railway system",81,1,"Aged",19,"Medium"
"427","Konosuke Matsushita","Japan",1894,1989,"battery-powered Bicycle lighting",95,1,"Aged",19,"Medium"
"428","Taqi al-Din Muhammad ibn Ma'ruf","Syria/Egypt/Turkey",1526,1585,"steam turbine, six-cylinder 'Monobloc' suction pump, framed sextant",59,3,"Normal",16,"Medium"
"429","John Landis Mason","U.S.",1826,1902,"Mason jars",76,1,"Aged",19,"Medium"
"430","John W. Mauchly","U.S.",1907,1980,"ENIAC – the first general purpose programmable digital computer",73,1,"Aged",20,"Medium"
"431","Henry Maudslay","UK",1771,1831,"screw-cutting lathe, bench micrometer",60,2,"Normal",18,"Medium"
"432","Hiram Maxim","UK",1840,1916,"First self-powered machine gun",76,1,"Aged",19,"Medium"
"433","John Loudon McAdam","Scotland",1756,1836,"improved ""macadam"" road surface",80,1,"Aged",18,"Medium"
"434","Elijah McCoy","Canada",1843,1929,"Displacement lubricator",86,1,"Aged",19,"Medium"
"435","Nicholas McKay Sr.","U.S.",1920,2014,"Lint roller",94,1,"Aged",20,"Medium"
"436","Ilya Ilyich Mechnikov","Russia",1845,1916,"probiotics",71,1,"Aged",19,"Medium"
"437","Hippolyte Mège-Mouriès","France",1817,1880,"margarine",63,1,"Normal",19,"Medium"
"438","Dmitri Mendeleev","Russia",1834,1907,"Periodic table, pycnometer, pyrocollodion",73,3,"Aged",19,"Medium"
"439","George de Mestral","Switzerland",1907,1990,"Velcro",83,1,"Aged",20,"Medium"
"440","Antonio Meucci","Italy/U.S.",1808,1889,"various early telephones, a hygrometer, a milk test",81,3,"Aged",19,"Medium"
"441","Édouard Michelin","France",1859,1940,"pneumatic tire",81,1,"Aged",19,"Medium"
"442","Anthony Michell","Australia",1870,1959,"tilting pad thrust bearing, crankless engine",89,2,"Aged",19,"Medium"
"443","Alexander Mikulin","Russia",1895,1985,"Mikulin AM-34, other Soviet aircraft engines, co-developer of the Tsar Tank",90,3,"Aged",19,"Medium"
"444","Mikhail Mil","Russia",1909,1970,"Mi-series helicopter aircraft, including Mil Mi-8 , Mil Mi-12 ",61,3,"Normal",20,"Medium"
"445","Marvin Minsky","U.S.",1927,2016,"Confocal microscopy",89,1,"Aged",20,"Medium"
"446","Tokushichi Mishima","Japan",1893,1975,"MKM magnetic steel",82,1,"Aged",19,"Medium"
"447","Pavel Molchanov","Russia",1893,1941,"Radiosonde",48,1,"Normal",19,"Medium"
"448","Jules Montenier","U.S.",1895,1962,"Anti-perspirant deodorant",67,1,"Normal",19,"Medium"
"449","John J. Montgomery","U.S.",1858,1911,"heavier-than-air gliders",53,1,"Normal",19,"Medium"
"450","Narcis Monturiol i Estarriol","Spain",1819,1885,"steam powered submarine",66,1,"Normal",19,"Medium"
"451","Robert Moog","U.S.",1934,2005,"the Moog synthesizer",71,1,"Aged",20,"Medium"
"452","Roland Moreno","France",1945,2012,"inventor of the smart card",67,1,"Normal",20,"Medium"
"453","Samuel Morey","U.S.",1762,1843,"internal combustion engine",81,1,"Aged",18,"Medium"
"454","Garrett A. Morgan","U.S.",1877,1963,"inventor of the smoke hood",86,1,"Aged",19,"Medium"
"455","Alexander Morozov","Russia",1904,1979,"T-54/55 , co-developer of T-34",75,2,"Aged",20,"Medium"
"456","Walter Frederick Morrison","U.S.",1920,2010,"Flying disc",90,1,"Aged",20,"Medium"
"457","William Morrison (dentist)","U.S.",1860,1926,"Cotton candy machine",66,1,"Normal",19,"Medium"
"458","Samuel Morse","U.S.",1791,1872,"early Morse code, see also Morse Code controversy",81,2,"Aged",18,"Medium"
"459","Sergei Ivanovich Mosin","Russia",1849,1902,"Mosin–Nagant rifle",53,1,"Normal",19,"Medium"
"460","Vera Mukhina","Russia",1889,1953,"welded sculpture",64,1,"Normal",19,"Medium"
"461","Colin Murdoch","Zealand",1929,2008,"Tranquillizer gun, disposable hypodermic syringe",79,2,"Aged",20,"Medium"
"462","William Murdoch","Scotland",1754,1839,"Gas lighting",85,1,"Aged",18,"Medium"
"463","Jozef Murgas","Slovakia",1864,1929,"inventor of the wireless telegraph ",65,1,"Normal",19,"Medium"
"464","Evgeny Murzin","Russia",1914,1970,"ANS synthesizer",56,1,"Normal",20,"Medium"
"465","Pieter van Musschenbroek","Netherlands",1692,1761,"Leyden jar, pyrometer",69,2,"Normal",17,"Medium"
"466","Walton Musser","U.S.",1909,1998,"Harmonic drive gear",89,1,"Aged",20,"Medium"
"467","Eadweard Muybridge","UK",1830,1904,"motion picture",74,1,"Aged",19,"Medium"
"468","Georgi Nadjakov","Bulgaria",1896,1981,"wikt:photoelectret",85,1,"Aged",19,"Medium"
"469","Alexander Nadiradze","Georgia/Russia",1914,1987,"first mobile ICBM , first reliable mobile ICBM ",73,2,"Aged",20,"Medium"
"470","Nagai Nagayoshi","Japan",1844,1929,"Methamphetamine",85,1,"Aged",19,"Medium"
"471","James Naismith","U.S.",1861,1939,"invented basketball, American football helmet",78,2,"Aged",19,"Medium"
"472","John Napier","Scotland",1550,1617,"logarithms",67,1,"Normal",16,"Medium"
"473","Andrey Nartov","Russia",1683,1756,"first lathe with a mechanic cutting tool-supporting carriage, a set of gears, fast-fire battery on a rotating disc, screw mechanism for changing the artillery fire angle, gauge–boring lathe for cannon-making, early telescopic sight",73,6,"Aged",17,"High"
"474","James Nasmyth","Scotland",1808,1890,"steam hammer",82,1,"Aged",19,"Medium"
"475","Sergey Nepobedimiy","Russia",1921,2014,"first supersonic anti-tank guided missile Sturm, other Soviet rocket weaponry",93,2,"Aged",20,"Medium"
"476","Karl Nessler","Germany/U.S.",1872,1951,"Permanent wave machine, artificial eyebrows",79,2,"Aged",19,"Medium"
"477","John von Neumann","Hungary",1903,1957,"Von Neumann computer architecture",54,1,"Normal",20,"Medium"
"478","Isaac Newton","UK",1642,1727,"reflecting telescope ",85,1,"Aged",17,"Medium"
"479","Joseph Nicephore Niépce","France",1765,1833,"photography",68,1,"Normal",18,"Medium"
"480","Nikolai Nikitin","Russia",1907,1973,"prestressed concrete with wire ropes structure , Nikitin-Travush 4000 project ",66,2,"Normal",20,"Medium"
"481","Paul Gottlieb Nipkow","Germany",1860,1940,"Nipkow disk",80,1,"Aged",19,"Medium"
"482","Alfred Nobel","Sweden",1833,1896,"dynamite",63,1,"Normal",19,"Medium"
"483","Ludvig Nobel","Sweden/Russia",1831,1888,"first successful oil tanker",57,1,"Normal",19,"Medium"
"484","Emmy Noether",NA,1882,1935,NA,53,NA,"Normal",19,NA
"485","Jean-Antoine Nollet","France",1700,1770,"Electroscope",70,1,"Normal",18,"Medium"
"486","Wilhelm Normann","Germany",1870,1939,"Hydrogenation of fats",69,1,"Normal",19,"Medium"
"487","Carl Richard Nyberg","Sweden",1858,1939,"the blowtorch",81,1,"Aged",19,"Medium"
"488","Joseph John O'Connell","U.S.",1861,1959,"number of inventions relating to telephony, electrical engineering",98,2,"Aged",19,"Medium"
"489","Theophil Wilgodt Odhner","Sweden/Russia",1845,1903,"the Odhner Arithmometer, a mechanical calculator",58,2,"Normal",19,"Medium"
"490","Ransom Eli Olds","States",1864,1950,"Assembly line",86,1,"Aged",19,"Medium"
"491","Lucien Olivier","Russia",1838,1883,"Russian salad ",45,1,"Normal",19,"Medium"
"492","Gerard K. O'Neill","U.S.",1927,1992,"Storage ring ",65,1,"Normal",20,"Medium"
"493","J. Robert Oppenheimer","States",1904,1967,"Atomic bomb",63,1,"Normal",20,"Medium"
"494","Hugh Orr","U.S.",1715,1798,"machine for cleaning flax seed",83,1,"Aged",18,"Medium"
"495","Hans Christian Ørsted","Denmark",1777,1851,"electromagnetism, aluminium",74,2,"Aged",18,"Medium"
"496","Elisha Otis","U.S.",1811,1861,"safety system for elevators",50,1,"Normal",19,"Medium"
"497","William Oughtred","UK",1575,1660,"slide rule",85,1,"Aged",16,"Medium"
"498","Antonio Pacinotti","Italy",1841,1912,"Pacinotti dynamo",71,1,"Aged",19,"Medium"
"499","William Painter","UK/U.S.",1838,1906,"Crown cork, Bottle opener",68,2,"Normal",19,"Medium"
"500","Helge Palmcrantz","Sweden",1842,1880,"the multi-barrel, lever-actuated, machine gun",38,3,"Young",19,"Medium"
"501","Daniel David Palmer","Canada",1845,1913,"chiropractic",68,1,"Normal",19,"Medium"
"502","Luigi Palmieri","Italy",1807,1896,"seismometer",89,1,"Aged",19,"Medium"
"503","Frank Pantridge","Ireland",1916,2004,"Portable defibrillator",88,1,"Aged",20,"Medium"
"504","Georgios Papanikolaou","U.S.",1883,1962,"Papanicolaou stain, Pap test = Pap smear",79,2,"Aged",19,"Medium"
"505","Thomas Parker","England",1843,1915,"electric car",72,1,"Aged",19,"Medium"
"506","Alexander Parkes","UK",1831,1890,"celluloid",59,1,"Normal",19,"Medium"
"507","Forrest Parry","U.S.",1921,2005,"Magnetic stripe card",84,1,"Aged",20,"Medium"
"508","Charles Algernon Parsons","British",1854,1931,"steam turbine",77,1,"Aged",19,"Medium"
"509","Spede Pasanen","Finland",1930,2001,"ski jumping sling, boat ski",71,2,"Aged",20,"Medium"
"510","Blaise Pascal","France",1623,1662,"Pascal's calculator",39,1,"Young",17,"Medium"
"511","Gustaf Erik Pasch","Sweden",1788,1862,"safety match",74,1,"Aged",18,"Medium"
"512","Dimitar Paskov","Bulgaria",1914,1986,"Galantamine",72,1,"Aged",20,"Medium"
"513","Les Paul","U.S.",1915,2009,"multitrack recording",94,1,"Aged",20,"Medium"
"514","Ivan Pavlov",NA,1849,1936,NA,87,NA,"Aged",19,NA
"515","Floyd Paxton","U.S.",1918,1975,"Bread clip",57,1,"Normal",20,"Medium"
"516","John Pemberton","U.S.",1831,1888,"Coca-Cola",57,1,"Normal",19,"Medium"
"517","Slavoljub Eduard Penkala","Croatia",1871,1922,"mechanical pencil",51,1,"Normal",19,"Medium"
"518","William Henry Perkin","Kingdom",1838,1907,"first synthetic organic chemical dye Mauveine",69,1,"Normal",19,"Medium"
"519","Henry Perky","U.S.",1843,1906,"shredded wheat",63,1,"Normal",19,"Medium"
"520","Aurel Persu","Romania",1890,1977,"first aerodynamic car, aluminum body with wheels included under the body, 1922",87,3,"Aged",19,"Medium"
"521","Vladimir Petlyakov","Russia",1891,1942,"heavy bomber",51,1,"Normal",19,"Medium"
"522","Julius Richard Petri","Germany",1852,1921,"Petri dish",69,1,"Normal",19,"Medium"
"523","Peter Petroff","Bulgaria",1919,2004,"digital wrist watch, heart monitor, weather instruments",85,3,"Aged",20,"Medium"
"524","Fritz Pfleumer","Germany",1881,1945,"magnetic tape",64,1,"Normal",19,"Medium"
"525","Auguste Piccard","Switzerland",1884,1962,"Bathyscaphe",78,1,"Aged",19,"Medium"
"526","Nikolay Ivanovich Pirogov","Russia",1810,1881,"early use of ether as anaesthetic, first anaesthesia in a field operation, various kinds of surgical operations",71,3,"Aged",19,"Medium"
"527","Fyodor Pirotsky","Russia",1845,1898,"electric tram",53,1,"Normal",19,"Medium"
"528","Arthur Pitney","States",1871,1933,"postage meter",62,1,"Normal",19,"Medium"
"529","Hippolyte Pixii","France",1808,1835,"Pixii dynamo",27,1,"Young",19,"Medium"
"530","Joseph Plateau","Belgium",1801,1883,"phenakistiscope ",82,1,"Aged",19,"Medium"
"531","Baltzar von Platen","Sweden",1898,1984,"gas absorption refrigerator",86,1,"Aged",19,"Medium"
"532","James Leonard Plimpton","U.S.",1828,1911,"roller skates",83,1,"Aged",19,"Medium"
"533","Ivan Plotnikov","Russia",1902,1995,"kirza leather",93,1,"Aged",20,"Medium"
"534","Roy Plunkett","States",1910,1994,"Teflon",84,1,"Aged",20,"Medium"
"535","Petrache Poenaru","Romania",1799,1875,"fountain pen",76,1,"Aged",18,"Medium"
"536","Christopher Polhem","Sweden",1661,1751,"Padlock",90,1,"Aged",17,"Medium"
"537","Nikolai Polikarpov","Russia",1892,1944,"Po-series aircraft, including Polikarpov Po-2 Kukuruznik ",52,2,"Normal",19,"Medium"
"538","Eugene Polley","States",1915,2012,"wireless remote control ",97,1,"Aged",20,"Medium"
"539","Ivan Polzunov","Russia",1728,1766,"first two-cylinder steam engine",38,1,"Young",18,"Medium"
"540","Mikhail Pomortsev",NA,1851,1916,NA,65,NA,"Normal",19,NA
"541","Olivia Poole","U.S.",1889,1975,"the Jolly Jumper baby harness",86,1,"Aged",19,"Medium"
"542","Alexander Popov","Russia",1859,1906,"radio pioneer, created a radio receiver that worked as a lightning detector",47,2,"Normal",19,"Medium"
"543","Nikolay Popov","Russia",1931,2008,"first fully gas turbine main battle tank ",77,1,"Aged",20,"Medium"
"544","Josef Popper",NA,1838,1921,NA,83,NA,"Aged",19,NA
"545","Aleksandr Porokhovschikov","Russia",1892,1941,"Vezdekhod ",49,1,"Normal",19,"Medium"
"546","Ignazio Porro","Italy",1801,1875,"Porro prism, strip camera",74,2,"Aged",19,"Medium"
"547","Valdemar Poulsen","Denmark",1869,1942,"magnetic wire recorder, arc converter",73,2,"Aged",19,"Medium"
"548","Joseph Priestley","UK",1733,1804,"soda water",71,1,"Aged",18,"Medium"
"549","Robert Taylor Pritchett","UK",1828,1907,"Pritchett bullet",79,1,"Aged",19,"Medium"
"550","Alexander Procofieff de Seversky","America",1894,1974,"first gyroscopically stabilized bombsight, ionocraft, also developed air-to-air refueling",80,3,"Aged",19,"Medium"
"551","Alexander Prokhorov","Russia",1916,2002,"co-inventor of laser, maser",86,2,"Aged",20,"Medium"
"552","Petro Prokopovych","Empire",1775,1850,"early beehive frame, queen excluder, other beekeeping novelties",75,3,"Aged",18,"Medium"
"553","Sergey Prokudin-Gorsky","Russia/France",1863,1944,"early colour photography method based on three colour channels, also colour film slides, colour motion pictures",81,3,"Aged",19,"Medium"
"554","George Pullman","U.S.",1831,1897,"Pullman sleep wagon",66,1,"Normal",19,"Medium"
"555","Michael I. Pupin","Serbia",1858,1935,"pupinization , tunable oscillator",77,2,"Aged",19,"Medium"
"556","Tivadar Puskás","Hungary",1844,1893,"telephone exchange",49,1,"Normal",19,"Medium"
"557","Adolphe Quetelet","France/Belgium",1796,1874,"Body mass index ",78,1,"Aged",18,"Medium"
"558","Jacob Rabinow","U.S.",1910,1999,"Magnetic particle clutch, various Phonograph-related patents",89,2,"Aged",20,"Medium"
"559","John Goffe Rand","U.S.",1801,1873,"Tube ",72,1,"Aged",19,"Medium"
"560","Robert Ransome","England",1753,1830,"improvement to the plough",77,1,"Aged",18,"Medium"
"561","Muhammad ibn Zakarīya Rāzi (Rhazes)","Persia/Iran",865,965,"distillation, extraction methods, sulfuric acid, hydrochloric acid, soap kerosene, kerosene lamp, chemotherapy, sodium hydroxide",100,8,"Aged",9,"Normal"
"562","Alec Reeves","UK",1902,1971,"Pulse-code modulation",69,1,"Normal",20,"Medium"
"563","Karl von Reichenbach","Germany",1788,1869,"paraffin, creosote oil, phenol",81,3,"Aged",18,"Medium"
"564","Tadeus Reichstein","Poland/Switzerland",1897,1996,"Reichstein process ",99,1,"Aged",19,"Medium"
"565","Ira Remsen","U.S.",1846,1927,"saccharin",81,1,"Aged",19,"Medium"
"566","Josef Ressel","Czechoslovakia",1793,1857,"ship propeller",64,1,"Normal",18,"Medium"
"567","William Reynolds","England",1758,1803,"canal inclined plane",45,1,"Normal",18,"Medium"
"568","Ri Sung-gi","Korea",1905,1996,"Vinylon",91,1,"Aged",20,"Medium"
"569","Charles Francis Richter","U.S.",1900,1985,"Richter magnitude scale",85,1,"Aged",20,"Medium"
"570","Adolph Rickenbacker","Switzerland",1886,1976,"Electric guitar",90,1,"Aged",19,"Medium"
"571","Hyman George Rickover","U.S.",1900,1986,"Nuclear submarine",86,1,"Aged",20,"Medium"
"572","Niklaus Riggenbach","Switzerland",1817,1899,"Riggenbach rack railway system, Counter-pressure brake",82,2,"Aged",19,"Medium"
"573","Dennis Ritchie","U.S.",1941,2011,"C ",70,1,"Normal",20,"Medium"
"574","Gilles de Roberval","France",1602,1675,"Roberval balance",73,1,"Aged",17,"Medium"
"575","Francis Rogallo","U.S.",1912,2009,"Rogallo wing",97,1,"Aged",20,"Medium"
"576","Peter I the Great (Pyotr Alexeyevich Romanov), Tsar and Emperor of Russia","Russia",1672,1725,"decimal currency, yacht club, sounding line with separating plummet ",53,3,"Normal",17,"Medium"
"577","Wilhelm Conrad Röntgen","Germany",1845,1923,"the X-ray machine",78,1,"Aged",19,"Medium"
"578","Ida Rosenthal","States",1886,1973,"Bra , the standard of cup sizes, nursing bra, full-figured bra, the first seamed uplift bra ",87,5,"Aged",19,"High"
"579","Sidney Rosenthal","U.S.",1907,1979,"Magic Marker",72,1,"Aged",20,"Medium"
"580","Boris Rosing","Russia",1869,1933,"CRT television ",64,1,"Normal",19,"Medium"
"581","Jean-François Pilâtre de Rozier","France",1754,1785,"Rozière balloon",31,1,"Young",18,"Medium"
"582","Ernst Ruska","Germany",1906,1988,"electron microscope",82,1,"Aged",20,"Medium"
"583","Albert Bruce Sabin","U.S.",1906,1993,"oral Polio vaccine",87,1,"Aged",20,"Medium"
"584","Alexander Sablukov","Russia",1783,1857,"centrifugal fan",74,1,"Aged",18,"Medium"
"585","Şerafeddin Sabuncuoğlu","Turkey",1385,1468,"illustrated surgical atlas",83,1,"Aged",14,"Medium"
"586","Andrei Sakharov","Russia",1921,1989,"invented explosively pumped flux compression generator, co-developed the Tsar Bomb, tokamak",68,3,"Normal",20,"Medium"
"587","Jonas Edward Salk","U.S.",1914,1995,"injection Polio vaccine",81,1,"Aged",20,"Medium"
"588","Robert Salmon","England",1763,1821,"agricultural implements",58,1,"Normal",18,"Medium"
"589","Franz San Galli",NA,1824,1908,NA,84,NA,"Aged",19,NA
"590","Frederick Sanger","U.S.",1918,2013,"Sanger sequencing ",95,1,"Aged",20,"Medium"
"591","Alberto Santos-Dumont","Brazil",1873,1932,"non-rigid airship, airplane",59,2,"Normal",19,"Medium"
"592","Thomas Savery","UK",1650,1715,"steam engine",65,1,"Normal",17,"Medium"
"593","Adolphe Sax","Belgium",1814,1894,"saxophone",80,1,"Aged",19,"Medium"
"594","Vincent Joseph Schaefer","U.S.",1906,1993,"Cloud seeding by dry ice",87,1,"Aged",20,"Medium"
"595","Bela Schick","Hungary",1877,1967,"diphtheria test",90,1,"Aged",19,"Medium"
"596","Wilhelm Schickard","Germany",1592,1635,"mechanical calculator",43,1,"Normal",16,"Medium"
"597","Hugo Schiff","Germany",1834,1915,"Schiff test ",81,1,"Aged",19,"Medium"
"598","Pavel Schilling","Estonia/Russia",1786,1837,"first electromagnetic telegraph, mine with an electric fuse",51,2,"Normal",18,"Medium"
"599","Gilmore Schjeldahl","U.S.",1912,2002,"Airsickness bag",90,1,"Aged",20,"Medium"
"600","Hubert Schlafly","U.S.",1919,2011,"Teleprompter = Autocue",92,1,"Aged",20,"Medium"
"601","Wilhelm Schlenk","Germany",1879,1943,"Schlenk flask ",64,1,"Normal",19,"Medium"
"602","Bernhard Schmidt","Estonia/Germany",1879,1935,"Schmidt camera",56,1,"Normal",19,"Medium"
"603","Friedrich Schmiedl","Austria",1902,1994,"rocket mail",92,1,"Aged",20,"Medium"
"604","Otto Schmitt","U.S.",1913,1998,"Schmitt trigger ",85,1,"Aged",20,"Medium"
"605","Christian Schnabel","German",1878,1936,"simplistic food cutleries",58,1,"Normal",19,"Medium"
"606","August Schrader","U.S.",1807,1894,"Schrader valve for Pneumatic tire",87,1,"Aged",19,"Medium"
"607","David Schwarz",NA,1852,1897,NA,45,NA,"Normal",19,NA
"608","Raymond Scott","U.S.",1908,1994,"inventor, developer of electronic music technology",86,2,"Aged",20,"Medium"
"609","Girolamo Segato","Italy",1792,1836,"artificial petrifaction of human cadavers",44,1,"Normal",18,"Medium"
"610","Marc Seguin","France",1786,1875,"wire-cable suspension bridge",89,1,"Aged",18,"Medium"
"611","Hanaoka Seishū","Japan",1760,1835,"General anaesthetic",75,1,"Aged",18,"Medium"
"612","Léon Serpollet","France",1858,1907,"Flash boiler, Gardner-Serpollet steam car",49,2,"Normal",19,"Medium"
"613","Iwan Serrurier","Netherlands/U.S.",1878,1953,"inventor of the Moviola for film editing",75,1,"Aged",19,"Medium"
"614","Mark Serrurier","U.S.",1904,1988,"Serrurier truss for Optical telescopes",84,1,"Aged",20,"Medium"
"615","Guy Severin","Russia",1926,2008,"extra-vehicular activity supporting system",82,1,"Aged",20,"Medium"
"616","Leonty Shamshurenkov","Russia",1687,1758,"first self-propelling carriage , projects of an original odometer, self-propelling sledge",71,3,"Aged",17,"Medium"
"617","Ibn al-Shatir","Syria",1304,1375,"""jewel box"" device which combined a compass with a universal sundial",71,1,"Aged",14,"Medium"
"618","Patsy O’Connell Sherman",NA,NA,NA,NA,NA,NA,NA,NA,NA
"619","Pyotr Shilovsky","Kingdom",1871,1957,"gyrocar",86,1,"Aged",19,"Medium"
"620","Joseph Shivers","U.S.",1920,2014,"Spandex",94,1,"Aged",20,"Medium"
"621","William Bradford Shockley","U.S.",1910,1989,"co-inventor of transistor",79,1,"Aged",20,"Medium"
"622","Henry Shrapnel","UK",1761,1842,"Shrapnel shell ammunition",81,1,"Aged",18,"Medium"
"623","Vladimir Shukhov","Russia",1853,1939,"thermal cracking , thin-shell structure, tensile structure, hyperboloid structure, gridshell, oil pipeline, cylindric oil depot",86,7,"Aged",19,"High"
"624","Augustus Siebe","Germany/UK",1788,1872,"Inventor of the standard diving dress",84,1,"Aged",18,"Medium"
"625","Sir William Siemens","Germany",1823,1883,"regenerative furnace",60,1,"Normal",19,"Medium"
"626","Werner von Siemens","Germany",1816,1892,"electric elevator, Electromote , an early Dynamo",76,3,"Aged",19,"Medium"
"627","Igor Sikorsky","Russia/U.S.",1889,1972,"first four-engine fixed-wing aircraft , first airliner, purpose-designed bomber , helicopter, Sikorsky-series helicopters",83,5,"Aged",19,"High"
"628","Ibn Sina (Avicenna)","Persia/Iran",980,1037,"steam distillation, essential oil, pharmacopoeia, clinical pharmacology, clinical trial, randomized controlled trial, quarantine, cancer surgery, cancer therapy, pharmacotherapy, phytotherapy, Hindiba, Taxus baccata L, calcium channel blocker",57,14,"Normal",10,"Very High"
"629","Isaac Singer","U.S.",1811,1875,"sewing machine",64,1,"Normal",19,"Medium"
"630","B. F. Skinner","U.S.",1904,1990,"Operant conditioning chamber",86,1,"Aged",20,"Medium"
"631","Nikolay Slavyanov","Russia",1854,1897,"shielded metal arc welding",43,1,"Normal",19,"Medium"
"632","Alexander Smakula","Ukraine/Russia/U.S.",1900,1983,"anti-reflective coating",83,1,"Aged",20,"Medium"
"633","Michael Smith","U.S.",1932,2000,"Site-directed mutagenesis ",68,1,"Normal",20,"Medium"
"634","Friedrich Soennecken","Germany",1848,1919,"Ring binder, Hole punch",71,2,"Aged",19,"Medium"
"635","Su Song","China",1020,1101,"first chain drive",81,1,"Aged",11,"Medium"
"636","Alfred P. Southwick","U.S.",1826,1898,"Electric chair",72,1,"Aged",19,"Medium"
"637","Percy Spencer","U.S.",1894,1970,"microwave oven",76,1,"Aged",19,"Medium"
"638","Elmer Ambrose Sperry","U.S.",1860,1930,"gyroscope-guided automatic pilot",70,1,"Normal",19,"Medium"
"639","Lyman Spitzer","U.S.",1914,1997,"Stellarator ",83,1,"Aged",20,"Medium"
"640","Ladislas Starevich","Russia/France",1882,1965,"puppet animation, live-action/animated film",83,2,"Aged",19,"Medium"
"641","Gary Starkweather","U.S.",1938,2019,"laser printer, color management",81,2,"Aged",20,"Medium"
"642","Boris Stechkin","Russia",1891,1969,"co-developer of Sikorsky Ilya Muromets, Tsar Tank, developer of Soviet heat, aircraft engines",78,4,"Aged",19,"Normal"
"643","George Stephenson","UK",1781,1848,"steam railway",67,1,"Normal",18,"Medium"
"644","Simon Stevin","Netherlands",1548,1620,"land yacht",72,1,"Aged",16,"Medium"
"645","Andreas Stihl","Switzerland/Germany",1896,1973,"Electric chain saw",77,1,"Aged",19,"Medium"
"646","Reverend Dr Robert Stirling","Scotland",1790,1878,"Stirling engine",88,1,"Aged",18,"Medium"
"647","Aurel Stodola","Slovakia",1859,1942,"gas turbines",83,1,"Aged",19,"Medium"
"648","Aleksandr Stoletov","Russia",1839,1896,"first solar cell based on the outer photoelectric effect",57,1,"Normal",19,"Medium"
"649","Levi Strauss","U.S.",1829,1902,"blue jeans",73,1,"Aged",19,"Medium"
"650","John Stringfellow","UK",1799,1883,"aerial steam carriage",84,1,"Aged",18,"Medium"
"651","Almon Strowger","U.S.",1839,1902,"automatic telephone exchange",63,1,"Normal",19,"Medium"
"652","Emil Strub","Switzerland",1858,1909,"Strub rack railway system",51,1,"Normal",19,"Medium"
"653","Abd al-Rahman al-Sufi (Azophi)","Persia/Iran",903,986,"timekeeping astrolabe, navigational astrolabe, surveying astrolabe",83,3,"Aged",10,"Medium"
"654","Kyota Sugimoto","Japan",1882,1972,"Japanese language typewriter",90,1,"Aged",19,"Medium"
"655","Mutsuo Sugiura","Japan",1918,1986,"Esophagogastroduodenoscope",68,1,"Normal",20,"Medium"
"656","Pavel Sukhoi","Russia",1895,1975,"Su-series fighter aircraft",80,1,"Aged",19,"Medium"
"657","Theodor Svedberg","Sweden",1884,1971,"Analytical ultracentrifuge",87,1,"Aged",19,"Medium"
"658","Joseph Swan","UK",1828,1914,"Incandescent light bulb",86,1,"Aged",19,"Medium"
"659","Robert Swanson","Canada",1905,1994,"Invented, developed the first multi-chime air horn for use with diesel locomotives",89,2,"Aged",20,"Medium"
"660","Walter Sylvester","UK",1867,1944,"the ""Sylvester"", for safely removing pit props",77,2,"Aged",19,"Medium"
"661","Vladimir Syromyatnikov","Russia",1933,2006,"Androgynous Peripheral Attach System, other spacecraft docking mechanisms",73,2,"Aged",20,"Medium"
"662","Leó Szilárd","Hungary/U.S.",1898,1964,"Co-developed the atomic bomb, patented the nuclear reactor, catalyst of the Manhattan Project",66,3,"Normal",19,"Medium"
"663","Gyula Takátsy","Hungary",1914,1980,"first Microtiter plate",66,1,"Normal",20,"Medium"
"664","Igor Tamm","Russia",1895,1971,"co-developer of tokamak",76,1,"Aged",19,"Medium"
"665","Gustav Tauschek","Austria",1899,1945,"Drum memory",46,1,"Normal",19,"Medium"
"666","Bernard Tellegen","Netherlands",1900,1990,"pentode",90,1,"Aged",20,"Medium"
"667","Edward Teller","Hungary",1908,2003,"hydrogen bomb",95,1,"Aged",20,"Medium"
"668","Nikola Tesla","Croatia/Serbia",1856,1943,"induction motor, high-voltage / high-frequency power experiments, the transmission of electrical power",87,3,"Aged",19,"Medium"
"669","Léon Theremin","Russia",1896,1993,"theremin, interlace, burglar alarm, terpsitone, Rhythmicon , The Thing ",97,6,"Aged",19,"High"
"670","Charles Xavier Thomas de Colmar","France",1785,1870,"Arithmometer",85,1,"Aged",18,"Medium"
"671","Elihu Thomson","U.S.",1853,1937,"Prolific inventor, Arc lamp, many others",84,3,"Aged",19,"Medium"
"672","st Baron Kelvin","Kingdom",1824,1907,"Kelvin absolute temperature scale",83,1,"Aged",19,"Medium"
"673","Eric Tigerstedt","Finland",1887,1925,"Sound-on-film, triode vacuum tube",38,2,"Young",19,"Medium"
"674","Kalman Tihanyi","Hungary",1897,1947,"co-inventor of cathode ray tube, iconoscope",50,2,"Normal",19,"Medium"
"675","Gavriil Adrianovich Tikhov","Russia",1875,1960,"feathering spectrograph",85,1,"Aged",19,"Medium"
"676","Benjamin Chew Tilghman","U.S.",1821,1897,"sandblasting",76,1,"Aged",19,"Medium"
"677","Fedor Tokarev","Russia",1871,1968,"TT-33 semiautomatic handgun, SVT-40 self-loading rifle",97,2,"Aged",19,"Medium"
"678","Evangelista Torricelli","Italy",1608,1647,"barometer",39,1,"Young",17,"Medium"
"679","Alfred Traeger","Australia",1895,1980,"Pedal radio",85,1,"Aged",19,"Medium"
"680","Richard Trevithick","UK",1771,1833,"high-pressure steam engine, first full-scale steam locomotive",62,2,"Normal",18,"Medium"
"681","Franc Trkman","Slovenia",1903,1978,"electrical switches, accessories for opening windows",75,2,"Aged",20,"Medium"
"682","Konstantin Tsiolkovsky","Russia",1857,1935,"spaceflight",78,1,"Aged",19,"Medium"
"683","Mikhail Tsvet","Russia",1872,1919,"chromatography ",47,1,"Normal",19,"Medium"
"684","Alexei Tupolev","Russia",1925,2001,"the Tupolev Tu-144 ",76,1,"Aged",20,"Medium"
"685","Andrei Tupolev","Russia",1888,1972,"turboprop powered long-range airliner , turboprop strategic bomber ",84,2,"Aged",19,"Medium"
"686","Nasīr al-Dīn al-Tūsī","Persia/Iran",1201,1274,"observatory, Tusi-couple",73,2,"Aged",13,"Medium"
"687","Sharaf al-Dīn al-Tūsī","Persia/Iran",1135,1213,"linear astrolabe",78,1,"Aged",12,"Medium"
"688","Ralph Hart Tweddell","England",1843,1895,"portable hydraulic riveter",52,1,"Normal",19,"Medium"
"689","Lewis Urry","Canada",1927,2004,"long-lasting alkaline battery",77,1,"Aged",20,"Medium"
"690","Ira Van Gieson","U.S.",1866,1913,"Van Gieson's stain ",47,1,"Normal",19,"Medium"
"691","Theophilus Van Kannel","States",1841,1919,"revolving door ",78,1,"Aged",19,"Medium"
"692","Vladimir Veksler","Russia",1907,1966,"synchrophasotron, co-inventor of synchrotron",59,2,"Normal",20,"Medium"
"693","John Venn","UK",1834,1923,"Venn diagram ",89,1,"Aged",19,"Medium"
"694","Auguste Victor Louis Verneuil","France",1856,1913,"Verneuil process ",57,1,"Normal",19,"Medium"
"695","Pierre Vernier","France",1580,1637,"Vernier scale ",57,1,"Normal",16,"Medium"
"696","Lucien Vidi","France",1805,1866,"Barograph",61,1,"Normal",19,"Medium"
"697","Edgar Villchur","U.S.",1917,2011,"Acoustic suspension ",94,1,"Aged",20,"Medium"
"698","Artturi Ilmari Virtanen","Finland",1895,1973,"AIV fodder",78,1,"Aged",19,"Medium"
"699","Alessandro Volta","Italy",1745,1827,"battery, see also Voltaic pile",82,2,"Aged",18,"Medium"
"700","Ivan Vučetić","Croatia",1858,1925,"Method of fingerprint classification",67,1,"Normal",19,"Medium"
"701","Ruth Graves Wakefield","U.S.",1903,1977,"chocolate chip cookie",74,1,"Aged",20,"Medium"
"702","Paul Walden","Latvia/Russia/Germany",1863,1957,"Walden inversion, Ethylammonium nitrate ",94,2,"Aged",19,"Medium"
"703","Madam C.J. Walker","U.S.",1867,1919,"beauty, hair products for African American women",52,2,"Normal",19,"Medium"
"704","Barnes Wallis","UK",1887,1979,"bouncing bomb",92,1,"Aged",19,"Medium"
"705","Maurice Ward","UK",1933,2011,"Starlite",78,1,"Aged",20,"Medium"
"706","Robert Watson-Watt","Scotland",1892,1973,"microwave radar",81,1,"Aged",19,"Medium"
"707","James Watt","Scotland",1736,1819,"improved Steam engine",83,1,"Aged",18,"Medium"
"708","Thomas Wedgwood","UK",1771,1805,"first  photograph",34,1,"Young",18,"Medium"
"709","Carl Auer von Welsbach","Austria",1858,1929,"Gas mantle, ferrocerium",71,2,"Aged",19,"Medium"
"710","Jonas Wenström","Sweden",1855,1893,"three-phase electrical power",38,1,"Young",19,"Medium"
"711","George Westinghouse","U.S.",1846,1914,"Air brake ",68,1,"Normal",19,"Medium"
"712","Charles Wheatstone","UK",1802,1875,"concertina, stereoscope, microphone, Playfair cipher, pseudoscope, dynamo",73,6,"Aged",19,"High"
"713","Richard T. Whitcomb","U.S.",1921,2009,"Supercritical airfoil, Winglet",88,2,"Aged",20,"Medium"
"714","Eli Whitney","U.S.",1765,1825,"the cotton gin",60,1,"Normal",18,"Medium"
"715","Frank Whittle","UK",1907,1996,"co-inventor of the jet engine",89,1,"Aged",20,"Medium"
"716","Otto Wichterle","Czechoslovakia",1913,1989,"soft contact lens",76,1,"Aged",20,"Medium"
"717","Norman Wilkinson","UK",1878,1971,"Dazzle camouflage",93,1,"Aged",19,"Medium"
"718","Charles Thomson Rees Wilson","UK",1869,1959,"Cloud chamber",90,1,"Aged",19,"Medium"
"719","Paul Winchell","U.S.",1922,2005,"the artificial heart",83,1,"Aged",20,"Medium"
"720","Sergei Winogradsky","USSR",1856,1953,"Winogradsky column for culturing microorganisms",97,1,"Aged",19,"Medium"
"721","A. Baldwin Wood","U.S.",1879,1956,"high volume pump",77,1,"Aged",19,"Medium"
"722","Granville Woods","U.S.",1856,1910,"the Synchronous Multiplex Railway Telegraph",54,1,"Normal",19,"Medium"
"723","James Homer Wright","U.S.",1869,1928,"Wright's stain ",59,1,"Normal",19,"Medium"
"724","Arthur Wynne","UK",1862,1945,"creator of crossword puzzle",83,1,"Aged",19,"Medium"
"725","Yi Xing","China",683,727,"Astronomical clock",44,1,"Normal",7,"Medium"
"726","Pavel Yablochkov","Russia",1847,1894,"Yablochkov candle ",47,1,"Normal",19,"Medium"
"727","Alexander Yakovlev","Russia",1906,1989,"Yak-series aircraft, including Yakovlev Yak-40 ",83,2,"Aged",20,"Medium"
"728","Linus Yale Jr.","U.S.",1821,1868,"cylinder lock",47,1,"Normal",19,"Medium"
"729","Linus Yale Sr.","U.S.",1797,1858,"pin tumbler lock",61,1,"Normal",18,"Medium"
"730","Ryōichi Yazu","Japan",1878,1908,"Yazu Arithmometer",30,1,"Young",19,"Medium"
"731","Gunpei Yokoi","Japan",1941,1997,"Game Boy",56,1,"Normal",20,"Medium"
"732","Arthur M. Young","U.S.",1905,1995,"the Bell Helicopter",90,1,"Aged",20,"Medium"
"733","Vladimir Yourkevitch","Russia/France/U.S.",1885,1964,"ship hull design",79,1,"Aged",19,"Medium"
"734","Sergei Yudin","Russia",1891,1954,"cadaveric blood transfusion, other medical operations",63,2,"Normal",19,"Medium"
"735","Abu al-Qasim al-Zahrawi (Abulcasis)","Spain",936,1013,"catgut surgical suture, various surgical instruments, dental devices",77,3,"Aged",10,"Medium"
"736","Frank Zamboni","U.S.",1901,1988,"Ice resurfacer",87,1,"Aged",20,"Medium"
"737","Giuseppe Zamboni","Italy",1776,1846,"Zamboni pile ",70,1,"Normal",18,"Medium"
"738","Ludwik Łazarz Zamenhof","Russia/Poland",1859,1917,"Esperanto",58,1,"Normal",19,"Medium"
"739","Walter Zapp","Latvia/Estonia/Germany",1905,2003,"Minox ",98,1,"Aged",20,"Medium"
"740","Abū Ishāq Ibrāhīm al-Zarqālī (Arzachel)","Spain",1028,1087,"almanac, equatorium, universal astrolabe",59,3,"Normal",11,"Medium"
"741","Yevgeny Zavoisky","Russia",1907,1976,"EPR spectroscopy, co-developer of NMR spectroscopy",69,2,"Normal",20,"Medium"
"742","Nikolay Zelinsky","Russia",1861,1953,"the first effective filtering coal gas mask in the world",92,1,"Aged",19,"Medium"
"743","Ferdinand von Zeppelin","Germany",1838,1917,"Zeppelin",79,1,"Aged",19,"Medium"
"744","Frits Zernike","Netherlands",1888,1966,"Phase contrast microscope",78,1,"Aged",19,"Medium"
"745","Tang Zhongming","China",1897,1980,"internal combustion engine powered by charcoal",83,1,"Aged",19,"Medium"
"746","Nikolai Zhukovsky","Russia",1847,1921,"an early wind tunnel, co-developer of the Tsar Tank",74,2,"Aged",19,"Medium"
"747","Konrad Zuse","Germany",1910,1995,"invented the first programmable general-purpose computer ",85,1,"Aged",20,"Medium"
"748","Vladimir Zworykin","Russia/U.S.",1889,1982,"Iconoscope, kinescope.",93,2,"Aged",19,"Medium"
"749","Randi Altschul","U.S.",1960,NA,"Disposable cellphone",NA,1,NA,20,"Medium"
"750","Bruce Ames",NA,1928,NA,NA,NA,NA,NA,20,NA
"751","Ruth Amos","British",1989,NA,"StairSteady",NA,1,NA,20,"Medium"
"752","Terry Keith Ashwin","Africa",1956,NA,"Link-It",NA,1,NA,20,"Medium"
"753","Tim Berners-Lee","UK",1955,NA,"with Robert Cailliau, the World Wide Web",NA,2,NA,20,"Medium"
"754","Gerd Binnig","Germany/Switzerland/U.S.",1947,NA,"Atomic force microscope, Scanning tunneling microscope",NA,2,NA,20,"Medium"
"755","David Boggs","U.S.",1950,NA,"Ethernet",NA,1,NA,20,"Medium"
"756","Robert Cailliau","Belgium",1947,NA,"with Tim Berners-Lee, the World Wide Web",NA,2,NA,20,"Medium"
"757","Charles Cantor","U.S.",1942,NA,"Pulsed-field gel electrophoresis ",NA,1,NA,20,"Medium"
"758","Thomas Chang","Canada/China",1933,NA,"Artificial cell",NA,1,NA,20,"Medium"
"759","Emmett Chapman","US",1936,NA,"Chapman Stick",NA,1,NA,20,"Medium"
"760","David Chaum","U.S.",1955,NA,"Digital signatures, ecash",NA,2,NA,20,"Medium"
"761","Ward Christensen","U.S.",1945,NA,"Bulletin board system",NA,1,NA,20,"Medium"
"762","Martin Cooper","U.S.",1928,NA,"Mobile phone",NA,1,NA,20,"Medium"
"763","Alexander Coucoulas","U.S.",1933,NA,"Thermosonic bonding",NA,1,NA,20,"Medium"
"764","Robert H. Dennard","U.S.",1932,NA,"Dynamic random-access memory ",NA,1,NA,20,"Medium"
"765","Gene Dolgoff","U.S.",1950,NA,"LCD projector",NA,1,NA,20,"Medium"
"766","Mulalo Doyoyo","Africa/U.S.",1970,NA,"Cenocell – cementless concrete",NA,1,NA,20,"Medium"
"767","James Dyson","UK",1947,NA,"Dual Cyclone bagless vacuum cleaner, incorporating the principles of cyclonic separation.",NA,2,NA,20,"Medium"
"768","Brendan Eich","U.S.",1961,NA,"JavaScript ",NA,1,NA,20,"Medium"
"769","Federico Faggin","Italy",1941,NA,"microprocessor",NA,1,NA,20,"Medium"
"770","Thomas J. Fogarty","U.S.",1934,NA,"Embolectomy catheter ",NA,1,NA,20,"Medium"
"771","Eric Fossum","U.S.",1957,NA,"intra-pixel charge transfer in CMOS image sensors",NA,1,NA,20,"Medium"
"772","Arthur Fry","U.S.",1931,NA,"Post-it note",NA,1,NA,20,"Medium"
"773","Joseph G. Gall","U.S.",1928,NA,"In situ hybridization ",NA,1,NA,20,"Medium"
"774","Andrey Geim","Kingdom",1958,NA,"graphene",NA,1,NA,20,"Medium"
"775","Praveen Kumar Gorakavi","India",1989,NA,"low-cost Braille Typewriter",NA,1,NA,20,"Medium"
"776","Robert W. Gore","States",1937,NA,"Gore-Tex",NA,1,NA,20,"Medium"
"777","James Gosling","U.S.",1955,NA,"Java ",NA,1,NA,20,"Medium"
"778","Temple Grandin",NA,1947,NA,NA,NA,NA,NA,20,NA
"779","Michael Grätzel",NA,1944,NA,NA,NA,NA,NA,20,NA
"780","Lori Greiner","U.S.",1969,NA,"Silver Safekeeper anti-tarnish lining , multiple consumer products, 120 US, foreign patents",NA,4,NA,20,"Normal"
"781","Gunther von Hagens","Germany",1945,NA,"whole body Plastination",NA,1,NA,20,"Medium"
"782","Charles H. Henry","U.S.",1937,NA,"Quantum well laser",NA,1,NA,20,"Medium"
"783","Lasse Hessel","Denmark",1940,NA,"Female condom",NA,1,NA,20,"Medium"
"784","Ted Hoff","U.S.",1937,NA,"microprocessor",NA,1,NA,20,"Medium"
"785","Huang Hongjia","China",1924,NA,"Single-mode optical fiber.",NA,1,NA,20,"Medium"
"786","Nick Holonyak","U.S.",1928,NA,"LED ",NA,1,NA,20,"Medium"
"787","Erna Schneider Hoover","U.S.",1926,NA,"computerized telephone switching system",NA,1,NA,20,"Medium"
"788","Jimmy Hotz","U.S.",1953,NA,"Hotz MIDI Translator, Atari Hotz Box",NA,2,NA,20,"Medium"
"789","Chuck Hull","U.S.",1939,NA,"3D printer",NA,1,NA,20,"Medium"
"790","Mamoru Imura","Japan",1948,NA,"RFIQin ",NA,1,NA,20,"Medium"
"791","Daisuke Inoue","Japan",1940,NA,"Karaoke machine",NA,1,NA,20,"Medium"
"792","Rudolf Jaenisch","Germany/U.S.",1942,NA,"first Genetically modified mouse",NA,1,NA,20,"Medium"
"793","Alec John Jeffreys","Kingdom",1950,NA,"DNA profiling ",NA,1,NA,20,"Medium"
"794","Scott A. Jones","U.S.",1960,NA,"created one of the most successful versions of voicemail as well as ChaCha Search, a human-assisted internet search engine",NA,2,NA,20,"Medium"
"795","Dean Kamen","U.S.",1951,NA,"Invented the Segway HT scooter, the IBOT Mobility Device",NA,2,NA,20,"Medium"
"796","Eugene Kaspersky","Russia",1965,NA,"Kaspersky Anti-Virus, Kaspersky Internet Security, Kaspersky Mobile Security anti-virus products",NA,3,NA,20,"Medium"
"797","Steve Kirsch","U.S.",1956,NA,"Optical mouse",NA,1,NA,20,"Medium"
"798","Raymond Kurzweil",NA,1948,NA,NA,NA,NA,NA,20,NA
"799","Ken Kutaragi","Japan",1950,NA,"PlayStation",NA,1,NA,20,"Medium"
"800","Rasmus Lerdorf","Greenland/Canada",1968,NA,"PHP ",NA,1,NA,20,"Medium"
"801","Hon Lik",NA,1951,NA,NA,NA,NA,NA,20,NA
"802","Richard F. Lyon","U.S.",1952,NA,"Optical mouse",NA,1,NA,20,"Medium"
"803","Ahmed Majan","UAE",1963,NA,"instrumented racehorse saddle, others",NA,2,NA,20,"Medium"
"804","Joy Mangano","U.S.",1956,NA,"household appliances",NA,1,NA,20,"Medium"
"805","Fujio Masuoka","Japan",1943,NA,"Flash memory",NA,1,NA,20,"Medium"
"806","Stanley Mazor","U.S.",1941,NA,"microprocessor",NA,1,NA,20,"Medium"
"807","James McLurkin","U.S.",1972,NA,"Ant robotics ",NA,1,NA,20,"Medium"
"808","Robert Metcalfe","U.S.",1946,NA,"Ethernet",NA,1,NA,20,"Medium"
"809","David L. Mills","U.S.",1938,NA,"Fuzzball router, Network Time Protocol",NA,2,NA,20,"Medium"
"810","Kary Mullis","U.S.",1944,NA,"PCR",NA,1,NA,20,"Medium"
"811","Yoshiro Nakamatsu","Japan",1928,NA,"""PyonPyon"" spring shoes, digital watch, CinemaScope, armchair ""Cerebrex"", sauce pump, taxicab meter",NA,6,NA,20,"High"
"812","Shuji Nakamura","Japan",1954,NA,"Blue laser",NA,1,NA,20,"Medium"
"813","Ted Nelson","U.S.",1937,NA,"Hypertext, Hypermedia",NA,2,NA,20,"Medium"
"814","Bernard de Neumann","Kingdom",1943,NA,"massively parallel self-configuring multi-processor",NA,1,NA,20,"Medium"
"815","Miguel Nicolelis","Brazil",1961,NA,"Brain-machine interfaces",NA,1,NA,20,"Medium"
"816","Jun-Ichi Nishizawa","Japan",1926,NA,"Optical communication system, SIT/SITh , Laser diode, PIN diode",NA,4,NA,20,"Normal"
"817","Aaron D. O'Connell","U.S.",1981,NA,"first Quantum machine",NA,1,NA,20,"Medium"
"818","Paul Offit",NA,1951,NA,NA,NA,NA,NA,20,NA
"819","Jarkko Oikarinen","Finland",1967,NA,"Internet Relay Chat ",NA,1,NA,20,"Medium"
"820","Arogyaswami Paulraj","India/U.S.",1944,NA,"MIMO",NA,1,NA,20,"Medium"
"821","Larry Page","U.S.",1973,NA,"with Sergey Brin invented Google web search engine",NA,1,NA,20,"Medium"
"822","Salvatore Pais","Romania/U.S.",1967,NA,"an electromagnetic field generator to deflect asteroids away from the Earth, an inertial mass reduction device, a room-temperature superconductor, a gravitational wave generator,, a compact fusion reactor",NA,6,NA,20,"High"
"823","Alexey Pajitnov","Russia/U.S.",1956,NA,"Tetris",NA,1,NA,20,"Medium"
"824","Julio Palmaz","Argentina",1945,NA,"balloon-expandable, stent",NA,2,NA,20,"Medium"
"825","Philip M. Parker","U.S.",1960,NA,"computer automated book authoring",NA,1,NA,20,"Medium"
"826","C. Kumar N. Patel","India/U.S.",1938,NA,"Carbon dioxide laser",NA,1,NA,20,"Medium"
"827","Andreas Pavel","Brazil",1945,NA,"audio devices",NA,1,NA,20,"Medium"
"828","Mark Publicover","U.S.",1958,NA,"First affordable trampoline safety net enclosure",NA,1,NA,20,"Medium"
"829","Calvin Quate","U.S./Germany/Switzerland",1923,NA,"Atomic force microscope",NA,1,NA,20,"Medium"
"830","Ralf Reski","Germany",1958,NA,"Moss bioreactor 1998",NA,1,NA,20,"Medium"
"831","Eugene Roshal","Russia",1972,NA,"FAR file manager, RAR file format, WinRAR file archiver",NA,3,NA,20,"Medium"
"832","Guido van Rossum","Netherlands",1956,NA,"Python ",NA,1,NA,20,"Medium"
"833","Subrata Roy (scientist)","U.S.",1962,NA,"Wingless Electromagnetic Air Vehicle, Serpentine geometry plasma actuator, micro-scale actuators",NA,3,NA,20,"Medium"
"834","Ernő Rubik","Hungary",1944,NA,"Rubik's Cube, Rubik's Magic, Rubik's Clock",NA,3,NA,20,"Medium"
"835","Gilles Saint-Hilaire","Canada",1948,NA,"Quasiturbine, Qurbine",NA,2,NA,20,"Medium"
"836","Kees A. Schouhamer Immink","Netherlands",1946,NA,"Major contributor to development of Compact Disc",NA,1,NA,20,"Medium"
"837","Gerhard Sessler","Germany",1931,NA,"foil electret microphone, silicon microphone",NA,2,NA,20,"Medium"
"838","Masatoshi Shima","Japan",1943,NA,"microprocessor",NA,1,NA,20,"Medium"
"839","Sheikh Muszaphar Shukor","Malaysia",1972,NA,"cell growth in outer space, crystallization of proteins, microbes in space",NA,3,NA,20,"Medium"
"840","Kia Silverbrook","Australia",1958,NA,"Memjet printer, world's most prolific inventor",NA,2,NA,20,"Medium"
"841","Vladimir Simonov","Russia",1935,NA,"APS Underwater Assault Rifle, SPP-1 underwater pistol",NA,2,NA,20,"Medium"
"842","Charles Simonyi","Hungary",1948,NA,"Hungarian notation",NA,1,NA,20,"Medium"
"843","Marin Soljačić","Croatia",1974,NA,"Resonant inductive coupling",NA,1,NA,20,"Medium"
"844","Edwin Southern","U.S.",1938,NA,"Southern blot ",NA,1,NA,20,"Medium"
"845","Igor Spassky","Russia",1926,NA,"Sea Launch platform",NA,1,NA,20,"Medium"
"846","Bhargav Sri Prakash","India/U.S.",1977,NA,"Learnification platform at FriendsLearn, Virtual Reality System, electromagnetic collision avoidance system, OBD based in-vehicle powertrain performance measurement, rate based driver controls for drive by wire systems",NA,5,NA,20,"High"
"847","Bjarne Stroustrup","Denmark",1950,NA,"C++ ",NA,1,NA,20,"Medium"
"848","Simon Sunatori","Canada",1959,NA,"inventor of MagneScribe, Magic Spicer",NA,2,NA,20,"Medium"
"849","Remi Swierczek","Poland",1958,NA,"Inventor of Music Identification System, the Mico Changer ",NA,2,NA,20,"Medium"
"850","Yuri Trutnev","Russia",1927,NA,"co-developer of the Tsar Bomb",NA,1,NA,20,"Medium"
"851","Niklaus Wirth","Switzerland",1934,NA,"Pascal ",NA,1,NA,20,"Medium"
"852","Steve Wozniak","U.S.",1950,NA,"Apple I & II computers, early Macintosh concepts,  CL 9 CORE universal remote, other devices, applications.",NA,5,NA,20,"High"
"853","Shunpei Yamazaki","Japan",1942,NA,"patents in computer science, solid-state physics, see List of prolific inventors",NA,3,NA,20,"Medium"
"854","Gazi Yasargil","Turkey",1925,NA,"Microneurosurgery",NA,1,NA,20,"Medium"
"855","Tu Youyou","China",1930,NA,"Artemisinin",NA,1,NA,20,"Medium"
"856","Muhammad Yunus","Bangladesh",1940,NA,"microcredit, microfinance",NA,2,NA,20,"Medium"
"857","Ugo Cerletti","Italy",1877,1963,"Electroconvulsive therapy",86,1,"Aged",19,"Medium"
"858","Lucio Bini","Italy",1908,1964,"Electroconvulsive therapy",56,1,"Normal",20,"Medium"
"859","Gregory Goodwin Pincus","China",1903,1967,"Combined oral contraceptive pill",64,1,"Normal",20,"Medium"
"860","Félix d'Herelle","Georgia",1873,1949,"Phage therapy",76,1,"Aged",19,"Medium"
"861","Alfred Perot","France",1863,1925,"Fabry–Pérot interferometer ",62,1,"Normal",19,"Medium"
"862","Hans Schrader","Germany",1921,2012,"Fischer assay ",91,1,"Aged",20,"Medium"
"863","Hans Tropsch","Germany",1889,1935,"Fischer–Tropsch process ",46,1,"Normal",19,"Medium"
"864","Leonard Bocour","U.S.",1910,1993,"Acrylic paint",83,1,"Aged",20,"Medium"
"865","Giorgi Eliava","Georgia",1892,1937,"Phage therapy",45,1,"Normal",19,"Medium"
"866","William R. Bennett Jr.","U.S.",1930,2008,"Gas laser ",78,1,"Aged",20,"Medium"
"867","Karl Ziegler","Germany",1898,1973,"Ziegler–Natta catalyst",75,1,"Aged",19,"Medium"
"868","Charles Fabry","France",1867,1945,"Fabry–Pérot interferometer ",78,1,"Aged",19,"Medium"
"869","Min Chueh Chang","China",1908,1991,"Combined oral contraceptive pill",83,1,"Aged",20,"Medium"
"870","Norman Joseph Woodland","U.S.",1921,2012,"Barcode",91,1,"Aged",20,"Medium"
"871","Franz Joseph Emil Fischer","Germany",1877,1947,"Fischer–Tropsch process ",70,1,"Normal",19,"Medium"
"872","Hidetsugu Yagi","Japan",1886,1976,"Yagi-Uda antenna",90,1,"Aged",19,"Medium"
"873","Allen Chronister Starry","U.S.",1890,1973,"Warthin–Starry stain ",83,1,"Aged",19,"Medium"
"874","Bernard Silver","U.S.",1924,1963,"Barcode",39,1,"Young",20,"Medium"
"875","Shintaro Uda","Japan",1896,1976,"Yagi-Uda antenna",80,1,"Aged",19,"Medium"
"876","Giulio Natta","Italy",1903,1979,"Ziegler–Natta catalyst",76,1,"Aged",20,"Medium"
"877","Friedrich Neelsen","Germany",1854,1898,"Ziehl–Neelsen stain ",44,1,"Normal",19,"Medium"
"878","Sir Martin John Evans","U.S.",1941,NA,"Gene targeting",NA,1,NA,20,"Medium"
"879","Mario Ramberg Capecchi","U.S.",1937,NA,"Knockout mouse, Gene targeting",NA,2,NA,20,"Medium"
"880","Jian Zhou","China",1957,1999,"HPV vaccine against cervical cancer",42,1,"Normal",20,"Medium"
"881","Vint Cerf","U.S.",1943,NA,"Internet Protocol ",NA,1,NA,20,"Medium"
"882","Simon Sze","U.S.",1936,NA,"Floating-gate MOSFET",NA,1,NA,20,"Medium"
"883","Thomas E. Kurtz","U.S.",1928,NA,"BASIC ",NA,1,NA,20,"Medium"
"884","John G. Kemeny","Hungary",1926,1992,"BASIC ",66,1,"Normal",20,"Medium"
"885","Carl D. Keith","U.S.",1920,2008,"three way catalytic converter",88,1,"Aged",20,"Medium"
"886","Dawon Kahng","Korea",1931,1992,"Floating-gate MOSFET",61,1,"Normal",20,"Medium"
"887","Willard Boyle","U.S.",1924,2011,"Charge-coupled device ",87,1,"Aged",20,"Medium"
"888","Wallace Carothers","U.S.",1896,1937,"Nylon, Neoprene ",41,2,"Normal",19,"Medium"
"889","Dmitri Garbuzov","Russia",1940,2006,"continuous-wave-operating diode lasers , high-power diode lasers",66,2,"Normal",20,"Medium"
"890","Sam Golden","U.S.",1915,1997,"Acrylic paint",82,1,"Aged",20,"Medium"
"891","Mikhail Gurevich","Russia",1893,1976,"MiG-series fighter aircraft, including world's most produced jet aircraft MiG-15, most produced supersonic aircraft MiG-21 ",83,3,"Aged",19,"Medium"
"892","Ali Javan","Iran",1926,2016,"Gas laser ",90,1,"Aged",20,"Medium"
"893","Mstislav Keldysh","Latvia",1911,1978,"co-developer of Sputnik 1  orolyov, Tikhonravov",67,2,"Normal",20,"Medium"
"894","Sergey Malyutin","Russia",1859,1937,"designed the first matryoshka doll ",78,1,"Aged",19,"Medium"
"895","Artem Mikoyan","Armenia",1905,1970,"MiG-series fighter aircraft, including world's most produced jet aircraft MiG-15, most produced supersonic aircraft MiG-21 ",65,3,"Normal",20,"Medium"
"896","Heinrich Rohrer","Switzerland",1933,2013,"Scanning tunneling microscope",80,1,"Aged",20,"Medium"
"897","Mikhail Tikhonravov","Russia",1900,1974,"co-developer of Sputnik 1  orolyov, Keldysh, designer of further Sputniks",74,3,"Aged",20,"Medium"
"898","Bernard Vonnegut","U.S.",1914,1997,"Cloud seeding by silver iodide",83,1,"Aged",20,"Medium"
"899","Aldred Scott Warthin","U.S.",1866,1931,"Warthin–Starry stain ",65,1,"Normal",19,"Medium"
"900","Franz Ziehl","Germany",1857,1926,"Ziehl–Neelsen stain ",69,1,"Normal",19,"Medium"
"901","Vasily Zvyozdochkin","Russia",1876,1956,"matryoshka doll ",80,1,"Aged",19,"Medium"
"902","Herbert Boyer","U.S.",1936,NA,"created first Genetically modified organism",NA,1,NA,20,"Medium"
"903","Toshitada Doi","Netherlands",1943,NA,"Compact disc",NA,1,NA,20,"Medium"
"904","Bran Ferren","U.S.",1953,NA,"Pinch-to-zoom , aniel Hillis",NA,2,NA,20,"Medium"
"905","Ian Hector Frazer","U.S.",1953,NA,"HPV vaccine against cervical cancer",NA,1,NA,20,"Medium"
"906","Bob Kahn","U.S.",1938,NA,"Internet Protocol ",NA,1,NA,20,"Medium"
"907","John J. Mooney","U.S.",1929,NA,"three way catalytic converter",NA,1,NA,20,"Medium"
"908","Erwin Neher","Germany",1944,NA,"Patch clamp technique",NA,1,NA,20,"Medium"
"909","Larry Sanger","U.S.",1968,NA,"Wikipedia",NA,1,NA,20,"Medium"
"910","Oliver Smithies","U.S.",1925,2017,"Knockout mouse, Gene targeting",92,2,"Aged",20,"Medium"
"911","Ching W. Tang","U.S.",1947,NA,"OLED",NA,1,NA,20,"Medium"
"912","Roger Y. Tsien","U.S.",1952,2016,"Discovery, development of Green fluorescent protein",64,2,"Normal",20,"Medium"
"913","Jimmy Wales","U.S.",1966,NA,"Wikipedia",NA,1,NA,20,"Medium"
